,eta,L2
1268,-0.251444358966535,0.0021531963430088488
1269,-0.25149017595727075,0.0021839599663484605
1270,-0.25154775470445095,0.0022226254094032025
1271,-0.2516060586709117,0.00226178289295366
1272,-0.25166501583279616,0.002301384226861565
1273,-0.251724307176661,0.0023412152630201367
1274,-0.2517846293328222,0.0023817441713764997
1275,-0.2518453491821575,0.002422545770082483
1276,-0.25190636675341754,0.0024635529788773446
1277,-0.2519681424406737,0.002505075355440898
1278,-0.2520289475770545,0.0025459509537475626
1279,-0.2520918294219733,0.0025882284170646455
1280,-0.2521546795309738,0.0026304904591727156
1281,-0.2522168523009629,0.0026723028625435827
1282,-0.2522799333594849,0.002714732027804391
1283,-0.25234443207368445,0.0027581208955046836
1284,-0.2524087603693051,0.002801401335919
1285,-0.25247363471844964,0.0028450554528989427
1286,-0.2525388531735687,0.0028889474880694436
1287,-0.25260477664034114,0.0029333204883387034
1288,-0.25267138133656347,0.0029781586548208406
1289,-0.2527380390634166,0.0030230391980557735
1290,-0.25280611541493625,0.0030688817963122903
1291,-0.25287415800654217,0.003114708628560644
1292,-0.2529424937486429,0.003160739912905934
1293,-0.2529997352348705,0.003199303466033922
1294,-0.25306239834714067,0.00324152522541503
1295,-0.25312147394423506,0.0032813351741636035
1296,-0.25318407081431304,0.0033235237859201164
1297,-0.2532439907892189,0.0033639137794917095
1298,-0.2533066313617961,0.003406143427685605
1299,-0.25336821650894775,0.003447667327878031
1300,-0.2534326700777526,0.003491131402148239
1301,-0.25349517813212313,0.00353328952094561
1302,-0.25355907157917607,0.00357638811310521
1303,-0.2536224186478541,0.003619124247635465
1304,-0.25368512440190916,0.0036614337092709956
1305,-0.25375051021884637,0.0037055578295493146
1306,-0.25381530846555145,0.003749291829540588
1307,-0.25388225794272423,0.0037944844325632793
1308,-0.2539469326870045,0.003838147985169324
1309,-0.25401425189134974,0.003883603617515274
1310,-0.25407813656848277,0.0039267465289847744
1311,-0.2541454829444595,0.003972233919645676
1312,-0.2542124976495989,0.004017504128935577
1313,-0.25427966422948256,0.004062883780379386
1314,-0.2543480326000117,0.004109082438609399
1315,-0.25441646394869843,0.004155330771643224
1316,-0.25448488512423323,0.004201579352876381
1317,-0.25455524416281317,0.0042491452445383455
1318,-0.2546243173750763,0.004295849193563684
1319,-0.2546945650884966,0.004343354739626957
1320,-0.25476407964127507,0.004390371885903563
1321,-0.25483643313394305,0.004439317017138101
1322,-0.2549072928361358,0.004487259383516795
1323,-0.2549807858009618,0.004536991465396147
1324,-0.25505208259376044,0.004585245300251671
1325,-0.2551234440819587,0.0046335507003676234
1326,-0.2551977034068405,0.004683825946440925
1327,-0.2552724289317768,0.0047344253364167395
1328,-0.25534365034302875,0.004782659917861749
1329,-0.25541838958594865,0.004833285298047298
1330,-0.2554931189347226,0.004883912533522966
1331,-0.2555673262906919,0.004934194603746609
1332,-0.2556432097252972,0.004985621100634703
1333,-0.2557202795986917,0.005037860696865369
1334,-0.25579706977506583,0.005089919779183233
1335,-0.2558751537620774,0.0051428652759253415
1336,-0.25595412186903843,0.005196419789359193
1337,-0.2560335482922959,0.005250294797695179
1338,-0.2561128935994734,0.005304124477847025
1339,-0.2561925962623629,0.005358206355273419
1340,-0.2562720288711581,0.005412114725412486
1341,-0.2563524066663238,0.005466674463149577
1342,-0.2564313690775172,0.005520283153084497
1343,-0.25651272489607535,0.005575526824346783
1344,-0.2565949769280038,0.005631389447276197
1345,-0.2566755015050946,0.005686088969905818
1346,-0.2567578344332942,0.005742027250335015
1347,-0.2568395131895384,0.005797531435956011
1348,-0.25692366486926926,0.005854726876261796
1349,-0.25700655929120464,0.005911078516214202
1350,-0.25709061938286176,0.005968233450832863
1351,-0.2571756383361074,0.006026051486496939
1352,-0.2572582226300119,0.006082224541979729
1353,-0.2573438348358606,0.006140468329722686
1354,-0.2574293190722239,0.006198636414802599
1355,-0.2575167263552662,0.006258124786680578
1356,-0.2576005463768357,0.006315182869087879
1357,-0.2576876717938252,0.006374502591443914
1358,-0.257774804833441,0.006433839323061486
1359,-0.25786364861811667,0.00649435323275933
1360,-0.2579514093619247,0.0065541415337338985
1361,-0.25804155710392374,0.006615568520182776
1362,-0.2581314998638962,0.006676868471531347
1363,-0.2582193772101446,0.00673677295461304
1364,-0.25830943352758023,0.006798175325628888
1365,-0.25839893895270055,0.0068592146519828425
1366,-0.25849136750567175,0.006922260597363247
1367,-0.25858117269834613,0.006983529948472679
1368,-0.2586743441595116,0.007047109282172486
1369,-0.2587638849853362,0.007108223928692819
1370,-0.25885790243561635,0.007172407559717705
1371,-0.2589505771734467,0.007235688130800646
1372,-0.25904333188507145,0.007299036818749273
1373,-0.2591384447986005,0.007364010131651534
1374,-0.2592330319458204,0.0074286383960500985
1375,-0.25932797702056504,0.0074935253826661505
1376,-0.2594228589170348,0.007558383376573163
1377,-0.2595177956546536,0.007623293059539863
1378,-0.25961505733877405,0.007689807085295749
1379,-0.2597109071837367,0.007755370208070627
1380,-0.25980712677813045,0.00782120084055399
1381,-0.2599047354769784,0.007887996808241864
1382,-0.2600028865490183,0.007955179128869717
1383,-0.260100071886674,0.008021715447334009
1384,-0.26019842404001503,0.00808906583576326
1385,-0.26029804325900197,0.008157299524011629
1386,-0.2603987998223752,0.008226328240692048
1387,-0.26049956269418195,0.008295377393325537
1388,-0.26059988622878083,0.008364141504902362
1389,-0.2607019483803153,0.008434113721050782
1390,-0.26080345615437284,0.008503722298623678
1391,-0.2609054724495037,0.008573696117189476
1392,-0.2610070263767716,0.008643369259267831
1393,-0.2611090016832135,0.008713348039603882
1394,-0.2612122840141204,0.008784240651961445
1395,-0.261316676934845,0.008855912874252412
1396,-0.26142190127468684,0.008928173536658127
1397,-0.26152634440260836,0.008999915223609834
1398,-0.2616307523770523,0.009071650208672356
1399,-0.2617377852439903,0.009145206782424541
1400,-0.2618442988528327,0.00921842472916205
1401,-0.2619509097660427,0.009291727782490105
1402,-0.2620578728866069,0.009365291336946068
1403,-0.2621662255234183,0.009439829262893286
1404,-0.26227478627187745,0.00951452927900646
1405,-0.26238473490886044,0.009590203617296953
1406,-0.26249370798625177,0.009665225711281632
1407,-0.2626025317402664,0.009740164098390566
1408,-0.2627133538852108,0.009816498246079844
1409,-0.26282209923975447,0.009891421169359873
1410,-0.26293584036785034,0.009969806495392445
1411,-0.2630450801352922,0.010045109369980283
1412,-0.263157606473933,0.010122697979681787
1413,-0.26326862592064587,0.010199267654515058
1414,-0.26338160791496434,0.010277211394006051
1415,-0.2634935579986126,0.010354463658552821
1416,-0.26360724189616336,0.01043293317355392
1417,-0.2637224681177418,0.010512488688279177
1418,-0.26383752211921285,0.010591946832552785
1419,-0.2639518445823279,0.010670921096866607
1420,-0.26406680246109004,0.010750355767701981
1421,-0.26418375639657615,0.010831191793872656
1422,-0.2642996373449861,0.010911308198986844
1423,-0.2644150778562939,0.01099114189656629
1424,-0.2645322997046593,0.011072229770468855
1425,-0.2646499541852117,0.01115363951084092
1426,-0.2647666893480722,0.011234435529881816
1427,-0.26488530956433853,0.011316559118185682
1428,-0.26500415982875847,0.011398865109982292
1429,-0.26512288810384854,0.011481109764419684
1430,-0.26524205053105365,0.011563678439680607
1431,-0.26536142281209696,0.01164641592684919
1432,-0.26548262378250986,0.011730444872184248
1433,-0.2656033541465581,0.011814171592872033
1434,-0.26572431559305576,0.011898082661102325
1435,-0.26584669988489384,0.011983005321961117
1436,-0.265968335684001,0.012067433105282986
1437,-0.266091115057034,0.012152679442227952
1438,-0.2662152431840736,0.01223888757217438
1439,-0.26633990127978846,0.012325489441801769
1440,-0.26646303116937653,0.012411054921627229
1441,-0.26658758513292574,0.012497635602655075
1442,-0.26671064702220365,0.012583204397038044
1443,-0.26683670880385335,0.012670885201678833
1444,-0.26696275848491396,0.012758584015588997
1445,-0.2670875002983585,0.012845398921943117
1446,-0.26721381207442607,0.012933332872829155
1447,-0.26734035866441613,0.013021456975810794
1448,-0.26746854923260366,0.013110753162669915
1449,-0.26759570226889057,0.0131993537408122
1450,-0.2677241841991552,0.013288907761565778
1451,-0.2678515902663072,0.013377739176504474
1452,-0.26798070627242315,0.013467790562859587
1453,-0.26811060274439347,0.013558414496989319
1454,-0.26823996186298654,0.013648691691641138
1455,-0.26837118745616473,0.013740300194650454
1456,-0.2685019031182321,0.013831581512620384
1457,-0.26863467142247627,0.01392432568174534
1458,-0.26876636533429116,0.014016348692866384
1459,-0.26889685103570377,0.014107556307291016
1460,-0.269030672171226,0.014201125206565328
1461,-0.2691629884476251,0.014293671658002965
1462,-0.2692959218024025,0.014386679546202867
1463,-0.26943021983198884,0.014480672633009334
1464,-0.26956447631267916,0.014574667204876227
1465,-0.2697000947424979,0.014669646351270299
1466,-0.26983447738543487,0.0147637908454326
1467,-0.26996882913717796,0.014857944397456803
1468,-0.2701054910500084,0.014953748431549712
1469,-0.27024293652016523,0.015050133861715262
1470,-0.2703789360818435,0.015145537046983255
1471,-0.27051685614104765,0.015242319708255986
1472,-0.27065511748579457,0.015339374494462056
1473,-0.27079168674378895,0.015435273603735051
1474,-0.2709315408721151,0.015533512461146422
1475,-0.271069840886942,0.015630692629472673
1476,-0.27120971142135586,0.015729009755788215
1477,-0.27135101937975165,0.01582837140390131
1478,-0.27149065217814183,0.01592658888902051
1479,-0.2716317544600713,0.016025874109824055
1480,-0.27177405026619145,0.016126033897057305
1481,-0.2719143269157337,0.016224806630114476
1482,-0.27205767858389784,0.016325779686556005
1483,-0.2722009130822077,0.016426705703458416
1484,-0.2723443427156717,0.01652780480496242
1485,-0.27248963918459645,0.016630256131337562
1486,-0.2726346926496714,0.0167325726447944
1487,-0.27277990316883516,0.016835036542398304
1488,-0.2729259793324915,0.01693814825023826
1489,-0.2730723493824852,0.017041504660179927
1490,-0.27321898994729027,0.017145089526156773
1491,-0.2733642056920998,0.01724770488744993
1492,-0.27351118533575824,0.01735160419415477
1493,-0.27366098822677704,0.017457538109472984
1494,-0.27380712400211465,0.017560916654318463
1495,-0.2739550682601427,0.017665612666484344
1496,-0.27410436085080947,0.017771301780873258
1497,-0.27425291953962083,0.017876510199844972
1498,-0.27440156536021465,0.017981819165284903
1499,-0.27455093271659614,0.018087678486373094
1500,-0.2747034210269522,0.01819579024394223
1501,-0.2748545858790341,0.018303004185648442
1502,-0.27500535656197456,0.018409978769513287
1503,-0.2751571915521756,0.018517749127153555
1504,-0.27530959167476143,0.01862596165460242
1505,-0.27546137361270534,0.018733776157573306
1506,-0.2756127308219903,0.018841329679084307
1507,-0.2757666893928727,0.018950773472466764
1508,-0.2759202636380929,0.01905998606975893
1509,-0.27607441929319904,0.019169654373930447
1510,-0.27622818325627063,0.01927908623587711
1511,-0.276383530677805,0.019389687888405584
1512,-0.2765389506518772,0.019500384360329033
1513,-0.27669523575026206,0.019611740597535374
1514,-0.2768499324510341,0.01972200816690336
1515,-0.2770072284422569,0.01983417252320647
1516,-0.27716351174656945,0.019945658763419236
1517,-0.27732121244821567,0.020058200637655645
1518,-0.2774802578602676,0.020171747503592064
1519,-0.27763723207485475,0.020283860396300972
1520,-0.27779614416985543,0.020397402646587952
1521,-0.27795426205305734,0.020510422726978374
1522,-0.2781137580924028,0.020624473718663747
1523,-0.2782734709731245,0.020738725945076274
1524,-0.2784332269009939,0.02085305525111017
1525,-0.2785940473515859,0.02096819319648479
1526,-0.27875698830040113,0.021084897256001087
1527,-0.27891771711395436,0.021200064264075932
1528,-0.27908016785467027,0.021316512937819988
1529,-0.27924257467553654,0.021432978278567993
1530,-0.279406379796079,0.021550495198476113
1531,-0.27956960632286393,0.02166764586554066
1532,-0.27973365586922594,0.021785436416310533
1533,-0.27989924475112615,0.021904382309918875
1534,-0.28006434955633197,0.022023030631725705
1535,-0.2802293808350047,0.022141676224265917
1536,-0.2803942506246962,0.02226025580694554
1537,-0.28056029682660377,0.022379732170240148
1538,-0.28072561230641485,0.02249873333064795
1539,-0.28088692774428364,0.02261490380284629
1540,-0.28104809183539453,0.022731013394267415
1541,-0.2812161337190234,0.022852129321841008
1542,-0.2813840888866184,0.022973235124965203
1543,-0.28155069409113287,0.023093419324883863
1544,-0.2817179016726927,0.023214090003793195
1545,-0.28188588295637174,0.02333537151609264
1546,-0.2820545897427399,0.02345722983666744
1547,-0.28222445638715304,0.023579979667202947
1548,-0.2823956084775746,0.023703712999018488
1549,-0.2825649907712637,0.023826220905407258
1550,-0.28273706984592417,0.02395073441589647
1551,-0.2829077890561645,0.024074318927656036
1552,-0.28307779597609467,0.024197442299021554
1553,-0.2832497049546305,0.024321998557826005
1554,-0.2834229525333606,0.024447581101567865
1555,-0.2835954393842008,0.024572668543336448
1556,-0.28376966070901827,0.02469907096071952
1557,-0.2839425653928554,0.024824574969285248
1558,-0.28411730506412186,0.02495146853595606
1559,-0.28429164769155874,0.025078131582794844
1560,-0.28446482700241255,0.02520400670499706
1561,-0.28463865803344585,0.025330412985878153
1562,-0.2848146029574952,0.02545841514688809
1563,-0.2849917942474026,0.025587383824695553
1564,-0.2851673126449255,0.025715194106043907
1565,-0.2853444228190331,0.025844223325840576
1566,-0.28552296247343395,0.02597435487159092
1567,-0.28570008970598143,0.026103517472156883
1568,-0.2858768665246483,0.026232484737077913
1569,-0.28605843282233645,0.026365008845003306
1570,-0.28623746139253836,0.02649574297001366
1571,-0.28641534635871907,0.026625703335897394
1572,-0.28659582138294337,0.02675761854819268
1573,-0.2867761856128862,0.02688951584850041
1574,-0.28695673828835144,0.02702161419949406
1575,-0.28713916436394926,0.02715514755234729
1576,-0.28732178271159253,0.027288886536385178
1577,-0.28750385081050905,0.027422287278630178
1578,-0.28768532204923,0.027555315112091285
1579,-0.28786857676954114,0.02768971568171945
1580,-0.288050217365716,0.027822997341900996
1581,-0.28823393668670566,0.027957870127246938
1582,-0.2884192574398792,0.028093985734325106
1583,-0.28860336389893404,0.028229276361657916
1584,-0.28878804720141205,0.02836505798106335
1585,-0.2889727342166988,0.028500909638067548
1586,-0.2891582644539793,0.028637449424007838
1587,-0.28934387631281594,0.028774117456154776
1588,-0.2895301601595162,0.028911348948695778
1589,-0.28971685861185165,0.02904895500138999
1590,-0.28990391328448395,0.029186893117223105
1591,-0.2900923797562575,0.029325942800274774
1592,-0.2902791630947287,0.02946382058053685
1593,-0.2904663656633575,0.029602077758514464
1594,-0.29065472046309626,0.029741256679979997
1595,-0.2908423015865657,0.029879934579148257
1596,-0.29103096340752005,0.030019482671578224
1597,-0.29121987352682827,0.030159286120295344
1598,-0.2914079410784559,0.030298537401289273
1599,-0.29159851475175147,0.03043971705752343
1600,-0.2917893745958329,0.03058118223836314
1601,-0.291979129040611,0.03072190115682818
1602,-0.29217127693794914,0.030864469371623474
1603,-0.29236272697536725,0.031006594322216627
1604,-0.29255520440745575,0.031149557083166916
1605,-0.29274539557788315,0.031290895818199105
1606,-0.2929380169320232,0.03143411571370977
1607,-0.2931309406939975,0.031577636430023245
1608,-0.2933229921130982,0.031720583827736876
1609,-0.29353369158724407,0.0318774982755751
1610,-0.29372513093726477,0.03202014813382074
1611,-0.293919894395814,0.0321653522707865
1612,-0.2941170048340709,0.032312385729235886
1613,-0.2943115663514726,0.03245759644699301
1614,-0.2945084389477075,0.03260461166612964
1615,-0.2947036472332731,0.03275046327588151
1616,-0.2948998314396591,0.032897123662243274
1617,-0.29509718546608,0.0330447392218392
1618,-0.2952944857565855,0.03319239558813229
1619,-0.29549285622086274,0.03334093464189871
1620,-0.2956897279722379,0.03348843268291863
1621,-0.29588822145581944,0.033637227790977865
1622,-0.29608590353680836,0.033785496675557
1623,-0.2962827433936944,0.0339332153303354
1624,-0.2964783412519153,0.034080082589798145
1625,-0.2966782139679827,0.03423024288798025
1626,-0.2968770778891189,0.03437972890992639
1627,-0.2970926823191223,0.034541893165368695
1628,-0.29729142595824587,0.034691462920087554
1629,-0.29749226593314565,0.03484269539764536
1630,-0.2976936711108008,0.03499443949947586
1631,-0.29789713653481614,0.03514782347332603
1632,-0.2981011899018785,0.03530173928299292
1633,-0.29830433684931396,0.03545505969118452
1634,-0.2985084547679711,0.035609201813960996
1635,-0.2987086310017796,0.03576045402216429
1636,-0.2989144089393904,0.03591602849814162
1637,-0.2991143222281708,0.036067256307425424
1638,-0.29931775308195524,0.03622123340468977
1639,-0.2995213005874409,0.03637538816693833
1640,-0.29972703651709043,0.03653129131721712
1641,-0.2999326141160466,0.03668716603817722
1642,-0.30013769789014366,0.036842757677689686
1643,-0.30034292880885755,0.03699855245544393
1644,-0.3005494441896142,0.0371554148576622
1645,-0.30075776282406996,0.037313741196965754
1646,-0.30096566666657654,0.03747184682973197
1647,-0.3011702435338588,0.03762751474435658
1648,-0.3013772812673776,0.037785148644308986
1649,-0.30158611031341037,0.037944241813404604
1650,-0.30179382067799965,0.03810257795357938
1651,-0.30199720848508416,0.03825771122889225
1652,-0.3022064533472064,0.03841740732423208
1653,-0.30241545945808523,0.038577017943832996
1654,-0.302627041293976,0.038738694216995516
1655,-0.30283716484737894,0.038899354598257774
1656,-0.3030457411987767,0.03905892917737114
1657,-0.30324516313957584,0.03921159074615095
1658,-0.3034517629376697,0.03936984080609074
1659,-0.3036576323206914,0.03952762640639007
1660,-0.30387168380482604,0.03969178382805789
1661,-0.3040827411526046,0.039853745804337246
1662,-0.304294356992275,0.04001623701398131
1663,-0.3045049866451547,0.040178071246138994
1664,-0.30471783476864667,0.04034171182879745
1665,-0.30493132713080756,0.04050595072733032
1666,-0.3051437352208063,0.04066945808329105
1667,-0.30535741293895474,0.040834046213777106
1668,-0.30557137331652345,0.04099895622242085
1669,-0.30578583107703305,0.04116435438037293
1670,-0.3059997080066293,0.04132940926901951
1671,-0.3062151405026329,0.04149577052981894
1672,-0.30643214036530897,0.04166344979672061
1673,-0.3066402360042176,0.041824350310186414
1674,-0.3068564251793911,0.041991614424951584
1675,-0.30707322367511736,0.042159458290155064
1676,-0.3072901347875155,0.04232749811756309
1677,-0.30750660033159033,0.04249530144926905
1678,-0.3077231629554991,0.042663288897518914
1679,-0.30794280769427607,0.04283377858232625
1680,-0.30816163346221953,0.043003744403572686
1681,-0.30837986051279587,0.04317335657487739
1682,-0.30859779924062053,0.04334285588838182
1683,-0.30881734077871553,0.043513714386049944
1684,-0.3090350435162417,0.043683253673520835
1685,-0.3092544198241492,0.04385420916316507
1686,-0.3094748503204413,0.044026100526397424
1687,-0.30969414583712795,0.0441972208223643
1688,-0.3099157164312914,0.044370232108445026
1689,-0.31013798859247693,0.044543908302335095
1690,-0.31035901972489677,0.04471673133752671
1691,-0.3105799880094737,0.044889621636944224
1692,-0.3108008623854172,0.04506255501404742
1693,-0.3110238555650115,0.045237265762494414
1694,-0.3112450583054973,0.04541069157326414
1695,-0.311465731144609,0.04558381911711961
1696,-0.31169024929846856,0.045760083849008086
1697,-0.3119142105020811,0.045936032541868746
1698,-0.31213993860503336,0.046113492104979656
1699,-0.3123612512546475,0.04628760029136243
1700,-0.3125858073085147,0.04646438167950755
1701,-0.31281261525918447,0.046643060459519436
1702,-0.3130373377145716,0.046820220044306915
1703,-0.3132612787066502,0.04699688636508455
1704,-0.31348722309371235,0.047175257660123926
1705,-0.31371417658594697,0.04735455175695741
1706,-0.3139397565737531,0.04753288635147852
1707,-0.3141659422908794,0.04771182577746536
1708,-0.31439399224136066,0.047892368005321595
1709,-0.3146214591953288,0.048072576973055024
1710,-0.3148470267847745,0.04825140797978783
1711,-0.3150730729071857,0.04843074531113334
1712,-0.31530131930378,0.04861195748330689
1713,-0.31552848437100994,0.04879244035726167
1714,-0.3157568001326315,0.04897396762231274
1715,-0.3159832788399958,0.04915416350255079
1716,-0.3162128713172112,0.049336968464856384
1717,-0.3164423389037096,0.049519806707856606
1718,-0.3166727402239563,0.04970352273609187
1719,-0.31690295541277963,0.04988722454831035
1720,-0.3171314895933266,0.05006971796472613
1721,-0.31736188498295237,0.05025383204051119
1722,-0.31759181073315773,0.05043770566225916
1723,-0.3178178582743178,0.05061860945824559
1724,-0.3180480665355218,0.050802977457636005
1725,-0.31827953146940624,0.05098848895659809
1726,-0.31851221884779857,0.05117511904436936
1727,-0.3187424419152812,0.051359909911073615
1728,-0.3189759087764759,0.05154744424195097
1729,-0.31920738083204653,0.051733515523685214
1730,-0.31943985214951753,0.051920529990570854
1731,-0.3196720533926913,0.05210746748834066
1732,-0.3199056865909149,0.052295699644750546
1733,-0.3201383379897227,0.05248328249668219
1734,-0.32037204078023945,0.05267185576436294
1735,-0.32060614969085865,0.052860900451468726
1736,-0.32084156322905594,0.05305114402640194
1737,-0.3210754540160124,0.05324030174891975
1738,-0.3213096853085139,0.053429879757995194
1739,-0.32154518537240356,0.05362063119599862
1740,-0.3217803753880852,0.05381127848335345
1741,-0.3220167754097135,0.054003054985066246
1742,-0.32225306511717106,0.05419489099639653
1743,-0.3224888668966377,0.0543864797319242
1744,-0.32272484408413077,0.05457836020947556
1745,-0.3229598723279111,0.05476961780291792
1746,-0.3231966336642889,0.054962436160925984
1747,-0.3234272924007353,0.05515043010812411
1748,-0.3236576932243655,0.055338357590007915
1749,-0.3238848964114105,0.05552381791682305
1750,-0.32411640034237676,0.05571293319768819
1751,-0.324348120612039,0.055902371468492904
1752,-0.32457508292071513,0.05608806215143163
1753,-0.32480340292951826,0.05627500595557569
1754,-0.32503519418401383,0.05646493829335078
1755,-0.3252657529767321,0.056654007361104056
1756,-0.3254974232932289,0.05684413557136815
1757,-0.32572787668193065,0.05703341224790284
1758,-0.32596267042201815,0.05722640508112549
1759,-0.3261948342012564,0.05741738671285743
1760,-0.3264279991742336,0.05760934296816246
1761,-0.3266717795050255,0.05781020070086065
1762,-0.326911370551562,0.05800776875858331
1763,-0.3271525948321725,0.0582068462367012
1764,-0.3273855845311852,0.058399283203352886
1765,-0.3276278250245943,0.058599523064716226
1766,-0.3278709438315651,0.0588006556636237
1767,-0.32810341840186585,0.05899313886081192
1768,-0.32833807819239885,0.059187587004413636
1769,-0.32857296673636094,0.059382381680453226
1770,-0.32880604792918866,0.05957583313623112
1771,-0.32904258917583346,0.05977231523602272
1772,-0.3292840633113358,0.0599730603329314
1773,-0.3295234748894998,0.060172256259848046
1774,-0.329764063271666,0.06037259774257332
1775,-0.3300038169176733,0.06057241051793209
1776,-0.33024402429753247,0.0607727684351954
1777,-0.33048613825309364,0.06097488621614182
1778,-0.3307290438366625,0.061177836378717765
1779,-0.3309722640107374,0.06138122197087571
1780,-0.3312149252505197,0.06158431271956788
1781,-0.3314539543007355,0.06178453251037204
1782,-0.33168968021544576,0.06198215009135959
1783,-0.33192772354239125,0.06218187676035621
1784,-0.33216535941888575,0.06238142869058807
1785,-0.3324033080535035,0.06258141099678133
1786,-0.3326433272297302,0.06278330396099652
1787,-0.3328823497360681,0.06298452917065424
1788,-0.3331200937871583,0.06318484740630825
1789,-0.3333596798724174,0.06338688897265507
1790,-0.333603745485439,0.06359288534347668
1791,-0.33384306172672557,0.06379504730074592
1792,-0.334083862117207,0.0639986374971573
1793,-0.3343273687312048,0.06420469420835137
1794,-0.3345702867490732,0.0644104321427906
1795,-0.3348118366539987,0.06461518940336622
1796,-0.33505604518970716,0.06482238129518234
1797,-0.33530061277334644,0.06503006065085924
1798,-0.335544123320563,0.06523702468075895
1799,-0.3357873484360527,0.06544392816759442
1800,-0.3360307516663679,0.06565116580364802
1801,-0.33627747420307214,0.06586141651115249
1802,-0.3365222764718029,0.06607021735176813
1803,-0.33676832386626987,0.06628026794456643
1804,-0.3370079806006566,0.06648504426797379
1805,-0.3372538196097385,0.06669528961885932
1806,-0.33749737402871754,0.06690376794866636
1807,-0.33774320767899285,0.06711438631893821
1808,-0.33798992586952686,0.06732595401009664
1809,-0.3382366834713053,0.0675377479071449
1810,-0.33848248570473705,0.06774891364306762
1811,-0.3387313370602781,0.06796289442938194
1812,-0.33898056970137835,0.06817740086915142
1813,-0.33922849031814806,0.06839097503089331
1814,-0.33947930195668874,0.06860724012958908
1815,-0.3397291520214454,0.06882287710367765
1816,-0.3399803725717061,0.06903989974292918
1817,-0.3402307243515279,0.06925637479900132
1818,-0.3404818042638142,0.06947368349835997
1819,-0.34073203184303846,0.0696904583847589
1820,-0.3409808689892652,0.06990623113950806
1821,-0.3412287339666919,0.07012136214621806
1822,-0.34148033111021514,0.07033993843217236
1823,-0.3417320243557257,0.07055880646079637
1824,-0.34198398389454904,0.07077811528298567
1825,-0.3422362190974271,0.07099787434098602
1826,-0.3424891802753293,0.07121847783801805
1827,-0.34274214417994037,0.07143929657881608
1828,-0.3429954111015197,0.0716605937076249
1829,-0.3432490872541945,0.07188246356671801
1830,-0.3435025126621498,0.07210432976624637
1831,-0.3437565973361129,0.07232699015628966
1832,-0.3440105838609701,0.0725497823607298
1833,-0.34426726296212595,0.07277515836232926
1834,-0.3445208954930179,0.0729980791259069
1835,-0.34477710376201676,0.07322348622249106
1836,-0.345033568814711,0.07344934385275331
1837,-0.3452903558509317,0.07367571087911118
1838,-0.34554876921762956,0.07390374040190895
1839,-0.34580409142922514,0.07412926835789299
1840,-0.34606270002379014,0.07435792903426666
1841,-0.346322089235356,0.0745875129955591
1842,-0.3465816905814184,0.07481751914377313
1843,-0.3468410344476826,0.07504753206751097
1844,-0.3470962978583024,0.07527415600500612
1845,-0.34735397794898787,0.07550315760709014
1846,-0.34761261849094743,0.07573324801845131
1847,-0.34787419093687055,0.07596618715622352
1848,-0.3481346647065805,0.07619838893726022
1849,-0.34839581231441563,0.07643143366021188
1850,-0.348656961705703,0.07666472330112002
1851,-0.34891862849843,0.07689871997334077
1852,-0.34918137081509143,0.07713392580703976
1853,-0.34944546025723316,0.07737058817049201
1854,-0.34970803032269665,0.0776061388205247
1855,-0.3499698520142973,0.0778412669902393
1856,-0.3502331392097577,0.07807796267875389
1857,-0.3504983052409276,0.07831660310585392
1858,-0.350763595528114,0.07855561294912407
1859,-0.35102968800559686,0.07879560518588588
1860,-0.3512959319214245,0.07903599514990103
1861,-0.3515623251521324,0.07927678223163956
1862,-0.3518303889591565,0.07951934504068689
1863,-0.35209834336296875,0.07976207614051067
1864,-0.3523648975818532,0.08000380488736333
1865,-0.3526334322413066,0.08024759882319644
1866,-0.3529009303565881,0.08049072124773404
1867,-0.3531696492049408,0.08073522493805402
1868,-0.3534384619237408,0.08098008749609584
1869,-0.3537091194309844,0.08122690774683283
1870,-0.35397974668222376,0.08147397952770703
1871,-0.3542518837161053,0.08172271209517645
1872,-0.3545229872088825,0.08197078257152415
1873,-0.35479465027317997,0.08221964895831994
1874,-0.35506643966099605,0.08246891642711995
1875,-0.35533836797385626,0.08271859794867892
1876,-0.3556103651183415,0.08296863049523592
1877,-0.3558839168367787,0.08322038343159197
1878,-0.3561567346932779,0.08347175301925287
1879,-0.3564309249630498,0.08372468201009534
1880,-0.35670559932806445,0.08397835502023464
1881,-0.3569789735657968,0.08423112397729385
1882,-0.3572537486092305,0.08448548746467144
1883,-0.35752920126757176,0.08474078049483348
1884,-0.35780425138680655,0.08499600350867062
1885,-0.35807770048810894,0.08525004219771162
1886,-0.3583530644990705,0.08550616453335383
1887,-0.3586285917435719,0.08576274580372586
1888,-0.3589041444836726,0.08601965917695474
1889,-0.3591802175914905,0.08627736809699202
1890,-0.35945678868712666,0.08653585453411497
1891,-0.3597335537449525,0.0867948366696239
1892,-0.3600101402878144,0.0870539671460028
1893,-0.3602869290553711,0.08731360388282479
1894,-0.3605633776980789,0.08757323907593274
1895,-0.3608407687996251,0.0878340795285227
1896,-0.3611182938149725,0.08809536800138569
1897,-0.36139589743437883,0.08835705399942603
1898,-0.3616734411090051,0.0886190081670308
1899,-0.36195130732420555,0.0888815931923699
1900,-0.3622293248147698,0.08914464930112637
1901,-0.36250750836116125,0.08940819228597417
1902,-0.3627857095986109,0.0896720831731791
1903,-0.3630641716600303,0.08993655435260697
1904,-0.3633426534468624,0.09020137861591637
1905,-0.3636210375885362,0.09046644549284047
1906,-0.3638995898809199,0.09073200948349325
1907,-0.3641782729359871,0.09099803678645596
1908,-0.36445701897843186,0.09126446437044289
1909,-0.36473576510638556,0.09153123354889318
1910,-0.36501466350236844,0.09179849157504372
1911,-0.3652936307996954,0.09206616031060699
1912,-0.3655726747614924,0.09233424882517285
1913,-0.36585178271167,0.09260274656083314
1914,-0.366130953207412,0.0928716537358471
1915,-0.3664101779340636,0.09314096394176904
1916,-0.36668946103377903,0.09341068277226673
1917,-0.3669687928181088,0.0936808024753491
1918,-0.36724817313415786,0.09395132449583862
1919,-0.36752759099763094,0.0942222397817012
1920,-0.3678070544548794,0.09449355772334327
1921,-0.36808655160900955,0.09476526836331291
1922,-0.36836610477521764,0.09503739501522399
1923,-0.368645664360925,0.09530989099070047
1924,-0.3689252822713002,0.09558280847562196
1925,-0.3692049250693138,0.09585611647792858
1926,-0.3694845918368258,0.09612981569093176
1927,-0.3697642940114705,0.09640391892218733
1928,-0.37004400867521137,0.09667840532409627
1929,-0.37032375793355693,0.09695329820186507
1930,-0.3706035160647441,0.09722857391063687
1931,-0.37088329576349377,0.09750424653410393
1932,-0.37116304106030995,0.09778026247216076
1933,-0.3714428514723607,0.09805672153274511
1934,-0.3717226743354207,0.09833357342058055
1935,-0.3720025065523569,0.09861081669737184
1936,-0.37228234630384377,0.09888845123690537
1937,-0.37256219221507725,0.09916647733558462
1938,-0.3728420437204091,0.09944489615860612
1939,-0.3731218985305642,0.09972370718003298
1940,-0.37340175655117164,0.10000291167021291
1941,-0.37368161722335075,0.10028250920341969
1942,-0.3739614919857382,0.10056251533673763
1943,-0.3742413670858137,0.10084291820226714
1944,-0.37452121570223473,0.10112369073697827
1945,-0.3748010554914225,0.10140485282200148
1946,-0.3750808857959105,0.10168640591157962
1947,-0.37536070633576574,0.10196835137550597
1948,-0.3756405166030052,0.1022506903293597
1949,-0.37592031329499526,0.10253342109160166
1950,-0.3762000932008392,0.10281654210658887
1951,-0.37647985833274217,0.10310005714325784
1952,-0.37675960349311155,0.10338396262332032
1953,-0.3770393272470698,0.10366825880879708
1954,-0.3773190266889111,0.10395294445586072
1955,-0.3775987015031114,0.10423802097284574
1956,-0.37787834912937796,0.10452348746904035
1957,-0.378157966547841,0.10480934258701546
1958,-0.37843755249519445,0.10509558676570833
1959,-0.37871710276154186,0.10538221742090426
1960,-0.3789966002430055,0.10566921871028256
1961,-0.37927607571512334,0.10595662397244772
1962,-0.3795555122204474,0.10624441754870297
1963,-0.3798349058800628,0.10653259718781777
1964,-0.38011424736972826,0.10682115500475253
1965,-0.38039353963383515,0.10711009576425806
1966,-0.38067278366372587,0.10739942224044241
1967,-0.3809519627216466,0.1076891188158825
1968,-0.38123109871562905,0.10797920997051055
1969,-0.3815101695593206,0.10826967451388658
1970,-0.38178918373726384,0.10856052301878526
1971,-0.3820680850593295,0.10885169855266683
1972,-0.38234691797340786,0.10914324914449085
1973,-0.3826257058469686,0.10943520102801896
1974,-0.38290440779632007,0.10972751315972365
1975,-0.383182992939879,0.11002015476044164
1976,-0.38346152771505876,0.11031319732857868
1977,-0.3837399286481122,0.11060655472212913
1978,-0.38401825771455156,0.11090029388559636
1979,-0.3842964863895836,0.1111943864495776
1980,-0.3845746686130249,0.11148889123951072
1981,-0.3848526819806491,0.11178368032327061
1982,-0.38513072830790507,0.11207896955828162
1983,-0.3854084913860456,0.11237442471774682
1984,-0.38568622166063815,0.11267031363562455
1985,-0.3859638054634832,0.11296651700656016
1986,-0.3862411127247255,0.11326289722203159
1987,-0.38651824217671726,0.11355956091973332
1988,-0.38679543689004375,0.1138567703058449
1989,-0.38707205410553946,0.114153837195033
1990,-0.387349198544436,0.1144519501708818
1991,-0.38762586806398835,0.11475003374286757
1992,-0.38790117224717313,0.11504712611542181
1993,-0.3881777357210617,0.11534606171626618
1994,-0.3884527666299807,0.11564382449351084
1995,-0.3887294328875796,0.11594384686356074
1996,-0.389005327365991,0.11624352319388129
1997,-0.3892810661182284,0.11654352259677055
1998,-0.38955672021504917,0.1168439241972771
1999,-0.38983175187487323,0.11714414248757578
2000,-0.39010666967553326,0.11744473310026476
2001,-0.39037942081852844,0.11774344782661014
2002,-0.390654711995975,0.1180454449045135
2003,-0.3909285839052619,0.11834638650361004
2004,-0.3912048459533995,0.11865046379021227
2005,-0.39147816941335933,0.11895181255504833
2006,-0.3917526003977996,0.11925489127139592
2007,-0.3920256091537352,0.11955690780411574
2008,-0.392298758365742,0.11985958988427461
2009,-0.3925712332405955,0.12016203572343517
2010,-0.3928448658095316,0.12046628285979072
2011,-0.39311749668708407,0.12076993339665212
2012,-0.39339020052864576,0.12107418428425575
2013,-0.3936619125136368,0.12137784756542047
2014,-0.3939332237378126,0.12168158253218761
2015,-0.3942056576925749,0.12198709953023594
2016,-0.39447451109523285,0.1222891197299323
2017,-0.3947484260585572,0.12259735843521709
2018,-0.3950180861488336,0.1229013368788849
2019,-0.39528800228389394,0.12320613109925163
2020,-0.39555841605522507,0.12351201888781244
2021,-0.3958282725306323,0.12381780953705032
2022,-0.39609845297783836,0.12412450379130417
2023,-0.39636753742747866,0.12443049030442836
2024,-0.39663729613065407,0.1247377836895
2025,-0.3969053016889165,0.12504361840721975
2026,-0.3971744385127143,0.12535128700908488
2027,-0.39744275971966997,0.1256585677295442
2028,-0.3977106428874637,0.12596589206433834
2029,-0.39797897205169863,0.1262742771667646
2030,-0.39824558411713656,0.12658123607141575
2031,-0.3985125655611472,0.12688916980686182
2032,-0.3987810275538523,0.12719936871131202
2033,-0.3990453648309243,0.12750535084657774
2034,-0.3993130678108217,0.12781578735716354
2035,-0.39957706799155973,0.12812248333123388
2036,-0.3998453303964013,0.12843469679323008
2037,-0.40010885446685246,0.1287419541053481
2038,-0.40037599644227173,0.1290539978152681
2039,-0.40064062344807,0.1293636708430253
2040,-0.4009048540905199,0.12967344621005594
2041,-0.40116959652638756,0.12998439212054153
2042,-0.4014318550379281,0.13029298679831636
2043,-0.40169504051958405,0.13060324188313321
2044,-0.4019588234898609,0.13091477710934168
2045,-0.40221968528809543,0.13122343241569806
2046,-0.4024802382474326,0.13153229134267058
2047,-0.40274285277016275,0.13184417273182736
2048,-0.4030045471516456,0.1321555425255354
2049,-0.40326576772384254,0.13246693040503266
2050,-0.40352472162220204,0.13277619329392587
2051,-0.40378694090447115,0.13308994466630641
2052,-0.40404820629644794,0.1334031472033387
2053,-0.40430741375882145,0.133714470514857
2054,-0.40456779408697585,0.13402779533158393
2055,-0.4048243756001174,0.13433713343763387
2056,-0.4050837752664009,0.1346504623589202
2057,-0.40534200028716966,0.1349629682266622
2058,-0.40559956686351245,0.1352752728272814
2059,-0.40585574656887896,0.13558648924712702
2060,-0.40611428290368645,0.13590117207166327
2061,-0.40637254650133325,0.1362161317340175
2062,-0.4066292151347798,0.136529752669249
2063,-0.4068854541422891,0.13684345515074348
2064,-0.4071430007209009,0.13715937265217026
2065,-0.4073986550875176,0.13747358167253326
2066,-0.4076549006641786,0.13778913336852527
2067,-0.4079103784664004,0.138104357216138
2068,-0.40816387044457836,0.13841774395889528
2069,-0.40841829508987676,0.13873290147839112
2070,-0.4086742926705896,0.13905063574158216
2071,-0.4089248420238093,0.1393622218008781
2072,-0.4091784120454512,0.13967818643246172
2073,-0.40943259848707847,0.13999555095804822
2074,-0.4096841032595793,0.14031019360850713
2075,-0.40993541027831193,0.14062521486651638
2076,-0.41018824365328854,0.14094278473360328
2077,-0.41043721999927574,0.141256136443888
2078,-0.4106891064025499,0.14157378703247053
2079,-0.41093912850489744,0.14188972341371137
2080,-0.4111895453517147,0.14220679845637363
2081,-0.4114395527913412,0.1425239977928527
2082,-0.4116883173764414,0.1428402615171946
2083,-0.41193699672148015,0.14315706013315904
2084,-0.41218422756505707,0.14347265491623143
2085,-0.4124315791153686,0.1437890477562468
2086,-0.41267775573734433,0.14410458119658495
2087,-0.4129273085577714,0.14442510129824138
2088,-0.4131736796720416,0.14474219004422434
2089,-0.4134195665068084,0.14505930858288962
2090,-0.4136638681396767,0.14537503285057551
2091,-0.4139084960101723,0.14569183212133835
2092,-0.41415299045454823,0.14600911596467359
2093,-0.4143981029612487,0.14632786568817877
2094,-0.4146420799489184,0.14664580294655397
2095,-0.4148880914874206,0.14696706672263035
2096,-0.4151321223750334,0.14728641808008647
2097,-0.4153751586983258,0.14760513941377484
2098,-0.4156173156898651,0.14792337832616226
2099,-0.41586093300766463,0.1482442162861229
2100,-0.4161017136798584,0.1485619928230984
2101,-0.4163432839812851,0.14888148953231342
2102,-0.41658387926528745,0.14920037606906444
2103,-0.41682506654960205,0.1495207321283017
2104,-0.41706564322822987,0.14984096468611616
2105,-0.417305573081595,0.15016102457882197
2106,-0.41754480967178825,0.1504808485431456
2107,-0.417785314017148,0.15080306517402128
2108,-0.4180226883402826,0.15112177893006984
2109,-0.41826096854326844,0.15144240348501856
2110,-0.41849879592445105,0.15176311712275786
2111,-0.4187385304868139,0.15208711342004272
2112,-0.41897442559898823,0.1524066219642368
2113,-0.4192111478397933,0.15272795463016683
2114,-0.4194468193653806,0.15304856602094447
2115,-0.4196824670045886,0.15336985290234603
2116,-0.4199169527268,0.15369026299614974
2117,-0.420151804744813,0.15401188562734225
2118,-0.420387202724221,0.1543349757833865
2119,-0.420623059818346,0.15465942375104988
2120,-0.4208576719859122,0.15498288668846572
2121,-0.4210916335182849,0.15530618005355318
2122,-0.4213265104272868,0.15563147400513744
2123,-0.4215593747500025,0.15595471326422664
2124,-0.421793887296828,0.15628098273883206
2125,-0.4220241348038204,0.1566020480959705
2126,-0.4222558135384628,0.1569258439627424
2127,-0.42248902609153827,0.15725253299154798
2128,-0.42271893872655836,0.15757534058380784
2129,-0.4229505856438721,0.15790133257264422
2130,-0.4231809127997621,0.15822621825103828
2131,-0.42341161322663207,0.1585523863215721
2132,-0.4236411746889956,0.15887770025297315
2133,-0.42387209840011364,0.159205710994882
2134,-0.4241012427342379,0.15953195937203232
2135,-0.4243280794589353,0.1598556782229161
2136,-0.42455779093103424,0.1601842715559524
2137,-0.42478483123860217,0.16050981259135455
2138,-0.4250120108275944,0.16083632368892614
2139,-0.4252392452107159,0.16116368990289037
2140,-0.4254652258936213,0.16149002551879496
2141,-0.4256905219054061,0.16181614782085726
2142,-0.4259151625376209,0.16214209782984645
2143,-0.42613914748625165,0.1624678738633128
2144,-0.4263636389057637,0.1627951710616653
2145,-0.42658851929242303,0.16312382851592147
2146,-0.42681245902937437,0.16345190585107622
2147,-0.42699144416676266,0.1637146976157304
2148,-0.4272184073596504,0.16404867074110285
2149,-0.4274330852591277,0.164365331269343
2150,-0.4276553216789041,0.16469393021659312
2151,-0.42787558073380033,0.16502040339064633
2152,-0.42809777119374554,0.1653505501630947
2153,-0.4283193405080396,0.1656805909631774
2154,-0.42854141054556716,0.1660122023382093
2155,-0.42876227580120635,0.16634283972896674
2156,-0.4289812983970192,0.16667153731481493
2157,-0.4292021345058025,0.16700378814172206
2158,-0.42942107159803977,0.1673340124008021
2159,-0.42964089754769563,0.16766641563296825
2160,-0.42985889218035395,0.1679968855340442
2161,-0.4300776142729638,0.1683293011348897
2162,-0.4302968176383377,0.16866330177090458
2163,-0.43051259506044437,0.16899292330348448
2164,-0.4307306194300696,0.16932683127694637
2165,-0.4309486037383158,0.1696615427279771
2166,-0.43116425534396324,0.1699935298896384
2167,-0.4313787048305021,0.17032451881813745
2168,-0.4315944356686544,0.17065834974093952
2169,-0.4318093835896182,0.17099183805773768
2170,-0.43202468746682166,0.17132675496646574
2171,-0.4322390333296411,0.17166105972011866
2172,-0.43245445833315893,0.17199793732499463
2173,-0.43266766756661357,0.17233223522621977
2174,-0.43287561333246016,0.17265913543394198
2175,-0.4330872401431914,0.17299269621254784
2176,-0.43330022500248633,0.17332929455990664
2177,-0.43351063334041884,0.17366271175265627
2178,-0.43372174159407567,0.1739981349648267
2179,-0.4339307663451279,0.17433114004722855
2180,-0.4341444984478049,0.17467257013400084
2181,-0.4343526408354229,0.17500597762083359
2182,-0.43456134981879047,0.17534119847938615
2183,-0.434769505836739,0.17567644196930665
2184,-0.43497877626841147,0.17601440469459265
2185,-0.4351838773960434,0.1763465409413117
2186,-0.4353921255220065,0.17668469936345027
2187,-0.43559919068571995,0.17702186962942257
2188,-0.4358065654222903,0.1773604839652144
2189,-0.4360142647925453,0.17770057919107174
2190,-0.4362214709956857,0.17804082305381094
2191,-0.4364249208083647,0.1783758357746062
2192,-0.43663153590057013,0.1787170189455317
2193,-0.4368370331337198,0.17905732221518145
2194,-0.43704210854462683,0.17939789560322333
2195,-0.43724556774239054,0.1797367493521518
2196,-0.4374503620170422,0.1800788050732731
2197,-0.437656076497255,0.18042339459855092
2198,-0.43785939265825713,0.18076495695436767
2199,-0.43806188296219184,0.18110611887330152
2200,-0.4382628147461262,0.1814456370470381
2201,-0.43846370540260016,0.18178607226433902
2202,-0.4386640156266415,0.18212651461836638
2203,-0.43886344832877194,0.18246645701106862
2204,-0.4390649185087499,0.18281088574286136
2205,-0.4392663667967209,0.1831563044622066
2206,-0.4394659006252623,0.18349946233319003
2207,-0.43966445516284547,0.18384195455163493
2208,-0.43986245024161885,0.18418450255230528
2209,-0.44006274774640913,0.18453208053029416
2210,-0.44026204923023415,0.18487898441198128
2211,-0.44046141807989303,0.18522706741897454
2212,-0.4406597350892345,0.18557437734552018
2213,-0.4408576016897878,0.1859219651698586
2214,-0.4410181658199955,0.18620481448976484
2215,-0.44122165192862695,0.18656430077621972
2216,-0.441411620315326,0.1869009501219341
2217,-0.44160483745347334,0.18724440044198315
2218,-0.4418007949672562,0.18759380692536343
2219,-0.44199391966907553,0.18793924141479845
2220,-0.4421881922183641,0.18828782004000866
2221,-0.44238227843773514,0.18863716736498157
2222,-0.4425747335489178,0.18898467775651148
2223,-0.44276695726661947,0.18933287313333813
2224,-0.4429587133976507,0.18968133014423644
2225,-0.4431490505277085,0.190028314074045
2226,-0.4433401338982942,0.1903777769568893
2227,-0.44353111393715605,0.19072818153765037
2228,-0.4437208223061855,0.19107738288959483
2229,-0.4439082535283871,0.19142350941934405
2230,-0.44409751152466787,0.19177414674436305
2231,-0.4442848744982561,0.19212240991308643
2232,-0.44447322592814975,0.1924736616227878
2233,-0.4446645225695147,0.19283159903706026
2234,-0.4448504945992198,0.19318073781713888
2235,-0.44503417353137326,0.19352670959043852
2236,-0.4452209067800271,0.19387960523940045
2237,-0.4454058178570923,0.19423023223299696
2238,-0.44559076449221335,0.19458210801051695
2239,-0.4457753524662386,0.19493449139307598
2240,-0.44595946901930006,0.19528717117732006
2241,-0.4461408943643364,0.19563587656585615
2242,-0.4463235800502056,0.1959882007174752
2243,-0.4465053456465241,0.1963399540598701
2244,-0.44668876686724374,0.19669614106342928
2245,-0.44687139091201694,0.1970520200616696
2246,-0.4470524702935982,0.1974061234861518
2247,-0.44723370326465733,0.19776177104596807
2248,-0.447414565525379,0.19811794474381927
2249,-0.44759341068432645,0.19847139065383312
2250,-0.44777014654114555,0.1988218966097569
2251,-0.4479485599069313,0.19917698132530368
2252,-0.4481264120508222,0.19953221430624873
2253,-0.4483041972287808,0.19988858964561287
2254,-0.4484825561393945,0.20024741100143262
2255,-0.44865088214081417,0.20058725154755447
2256,-0.44882691030958083,0.20094390571746557
2257,-0.44900051281902853,0.2012969238717021
2258,-0.4491751840513085,0.20165341083291027
2259,-0.44934427181559233,0.201999753856681
2260,-0.44951072665403674,0.20234191929701842
2261,-0.44968528507110916,0.2027020519993592
2262,-0.44985821867667947,0.203060169111981
2263,-0.45002990372468404,0.2034170314141457
2264,-0.45019969265654003,0.2037712711537827
2265,-0.45037123380790295,0.2041305133906655
2266,-0.45054360186127124,0.2044928663105865
2267,-0.4507147876141691,0.20485411763069378
2268,-0.450886453201037,0.20521778246762534
2269,-0.45105610146598046,0.2055785679788113
2270,-0.45122616834514345,0.20594165115603752
2271,-0.4513946227214881,0.2063026971505409
2272,-0.45156262531705255,0.20666418432354147
2273,-0.45173166202926607,0.2070293339763171
2274,-0.45190031149656684,0.20739510109014805
2275,-0.4520671855577615,0.2077584642946964
2276,-0.4522345527516433,0.20812436400782625
2277,-0.45240033278007585,0.2084882553880124
2278,-0.45256613953015545,0.20885367801775798
2279,-0.45273149125583206,0.20921958235046972
2280,-0.45289635979930154,0.209585911564234
2281,-0.4530595092318808,0.20994990773658276
2282,-0.4532228199443246,0.21031576315954423
2283,-0.4533844526936504,0.21067935493546264
2284,-0.4535444860776386,0.21104083277615304
2285,-0.45370605796621105,0.21140730219149811
2286,-0.45386920185903407,0.21177890263637628
2287,-0.45402863884661504,0.21214359875155772
2288,-0.4542058806242702,0.21255083107451664
2289,-0.45436811731677573,0.21292527970163344
2290,-0.4545258728003666,0.21329095726341046
2291,-0.45468342214444185,0.21365772372280034
2292,-0.4548326737767663,0.2140066360881075
2293,-0.4549907119885032,0.21437766023864027
2294,-0.4551489454885491,0.21475078275254755
2295,-0.45530499614504066,0.21512038642351086
2296,-0.4554593286530073,0.2154875322847021
2297,-0.45561583438401665,0.2158615066091102
2298,-0.4557690776349231,0.21622932506329662
2299,-0.4559218167058416,0.21659756972368382
2300,-0.45607512704280284,0.21696885664543447
2301,-0.4562280021542223,0.21734077309270416
2302,-0.45638104667086304,0.21771480873425247
2303,-0.45653206675274394,0.21808559406095773
2304,-0.4566824134281641,0.21845642396795745
2305,-0.45683289598313503,0.21882930899666175
2306,-0.45698369843598763,0.2192047371174768
2307,-0.4571343494910618,0.21958156269657356
2308,-0.45728431706118544,0.21995846520546403
2309,-0.4574322615062654,0.22033205469212747
2310,-0.45757985012313107,0.2207065239566227
2311,-0.4577264428302836,0.22108024984567445
2312,-0.45787577467032264,0.22146281310827132
2313,-0.4580208686065805,0.2218363381941456
2314,-0.45816644234253306,0.22221292632285453
2315,-0.45831144501115473,0.22258988405016847
2316,-0.45845579769335176,0.22296701009805037
2317,-0.4585981490210592,0.2233407500567286
2318,-0.45873974834465253,0.22371435787280824
2319,-0.4588827680508067,0.2240936064149383
2320,-0.45902407663932726,0.22447021430033354
2321,-0.4591800094488498,0.22488802052199242
2322,-0.45931605767016864,0.22525448281857557
2323,-0.45945607201830757,0.22563354079956774
2324,-0.4595949114389459,0.22601136289351373
2325,-0.45973274835597466,0.22638840257078624
2326,-0.4598698380029412,0.22676535110490365
2327,-0.46000754251996484,0.22714598194607866
2328,-0.46014440390439465,0.22752629145988312
2329,-0.4602804121435294,0.22790624633525902
2330,-0.4604163290225454,0.22828798606107675
2331,-0.4605498480431218,0.2286650088881627
2332,-0.46068462965684037,0.22904765822866405
2333,-0.4608184817028592,0.22942975163178417
2334,-0.4609518713082079,0.22981262427988927
2335,-0.46108384314042133,0.2301935240794003
2336,-0.4612162582785857,0.23057783435984558
2337,-0.46134755668733535,0.2309610466431097
2338,-0.46147904902786263,0.2313470000398152
2339,-0.46161066993187483,0.23173554807567098
2340,-0.4617407245052645,0.23212168887025014
2341,-0.4618691754356064,0.2325052686288014
2342,-0.4619970338426849,0.23288928828639993
2343,-0.4621243267265389,0.23327383722827721
2344,-0.4622521834385636,0.23366236663243997
2345,-0.4623749691407061,0.23403767234928363
2346,-0.4624990358579433,0.23441910747699501
2347,-0.46262481523853327,0.23480812011293706
2348,-0.46274810537470373,0.23519173390213619
2349,-0.46287315194415857,0.2355831811358037
2350,-0.46299713584569746,0.235973699933217
2351,-0.46312039044706865,0.23636433262876322
2352,-0.46324402676566884,0.23675863560207822
2353,-0.4633645006535907,0.2371452681618057
2354,-0.4634849389121948,0.2375342144483602
2355,-0.46360501056847403,0.23792443938061686
2356,-0.463724227589638,0.2383143660742377
2357,-0.4638435516454856,0.23870716449449933
2358,-0.4639610957547399,0.23909661822512196
2359,-0.46407878831895527,0.2394891134353438
2360,-0.4641950140309758,0.2398792699337936
2361,-0.4643104786447029,0.24026943368098364
2362,-0.4644258943312114,0.2406620352876495
2363,-0.4645387968272927,0.24104865675304432
2364,-0.46465323560185073,0.24144318424667835
2365,-0.4647653964796443,0.24183249544079882
2366,-0.46487712910944595,0.24222296889179296
2367,-0.46498849407290094,0.24261484243545947
2368,-0.46510041404432617,0.2430114261411016
2369,-0.4652104503236565,0.24340408664947952
2370,-0.4653204696334818,0.24379947241904817
2371,-0.4654288242598209,0.2441916566732923
2372,-0.4655372511443132,0.2445869247358987
2373,-0.465644828728886,0.24498194754703356
2374,-0.4657516092902958,0.24537691357873584
2375,-0.4658576322041322,0.24577196863310408
2376,-0.4659628143279382,0.24616680123616852
2377,-0.4660664026618197,0.24655854782537104
2378,-0.4661704030838244,0.24695480996795333
2379,-0.4662746090952601,0.24735489517909548
2380,-0.4663773852225294,0.24775253993096946
2381,-0.4664797344103896,0.24815161269950703
2382,-0.4665819488535262,0.24855329985858982
2383,-0.4666824815507188,0.24895151154880113
2384,-0.46678256902616727,0.24935112072174598
2385,-0.46688045950732904,0.2497450824083966
2386,-0.4669787790213661,0.2501439560299328
2387,-0.4670762100911034,0.25054245130325137
2388,-0.4671733959138568,0.2509432219455566
2389,-0.46727023686411506,0.25134590887043307
2390,-0.4673637759267537,0.2517381092739852
2391,-0.467458913709295,0.2521403652791097
2392,-0.4675544675647674,0.25254787082418406
2393,-0.4676463826207065,0.2529432444803633
2394,-0.46773834297785527,0.25334222292015596
2395,-0.46783094032442096,0.2537475019231388
2396,-0.467921778694747,0.25414862285606266
2397,-0.46801252007333466,0.2545529111318412
2398,-0.46810235469444367,0.2549567958872929
2399,-0.46819136492677627,0.2553606411218569
2400,-0.4682801770894494,0.2557673267826452
2401,-0.4683678411072485,0.2561725207959604
2402,-0.46845476060335467,0.2565780725085107
2403,-0.4685408028171705,0.25698336355685386
2404,-0.46862626056520823,0.2573897853792638
2405,-0.46871029232879213,0.2577933100396382
2406,-0.4687947251226603,0.2582027548722212
2407,-0.468877854769738,0.25860990905452014
2408,-0.4689591142867687,0.2590118838802654
2409,-0.4690411108065913,0.2594216148085111
2410,-0.46912769314369934,0.2598588840320978
2411,-0.46920708525103244,0.2602641477095905
2412,-0.4692868360633097,0.2606755256913483
2413,-0.46936527727959937,0.2610844701579411
2414,-0.46944332526207105,0.2614957566274073
2415,-0.4695193266165042,0.26190060588712116
2416,-0.4695949350670203,0.2623077594930237
2417,-0.4696707215168817,0.2627204200186113
2418,-0.4697452953317581,0.2631310735559215
2419,-0.4698033400423474,0.26345396253634024
2420,-0.46987814319901144,0.2638744143971592
2421,-0.4699475820766612,0.2642692304115853
2422,-0.47001851101835174,0.2646771653772343
2423,-0.47008860757113674,0.2650850895047827
2424,-0.4701584238382878,0.26549627320612523
2425,-0.47022825633531273,0.2659126152046559
2426,-0.47029697775231855,0.26632746170824834
2427,-0.47036538076405204,0.2667456317396768
2428,-0.4704327001243004,0.2671624848724567
2429,-0.47049847382033533,0.2675750518028712
2430,-0.47056313082264056,0.26798590639395303
2431,-0.4706271963907439,0.2683983841127643
2432,-0.4706910197022249,0.2688148441738639
2433,-0.47075401083162544,0.2692315218005215
2434,-0.47081605441939967,0.2696476464744346
2435,-0.4708773220439461,0.27006436938336176
2436,-0.4709379803156644,0.27048287370170815
2437,-0.47099752939223455,0.27089971277729463
2438,-0.4710560171317018,0.27131515421940844
2439,-0.4711142852287796,0.27173524820885575
2440,-0.47117139817233916,0.27215330840516483
2441,-0.4712273138473943,0.2725689235221827
2442,-0.4712823980671658,0.2729847605682963
2443,-0.4713368477606504,0.27340235199028295
2444,-0.47139056113481526,0.2738209833083213
2445,-0.4714433302127603,0.2742390443816789
2446,-0.4714958082076277,0.27466181239044385
2447,-0.47154748638577115,0.2750853265452489
2448,-0.4715976328119047,0.2755034684157217
2449,-0.4716472657011434,0.2759246668811593
2450,-0.471696377980098,0.2763490271920039
2451,-0.4717443320064619,0.2767710617680815
2452,-0.47179140441544043,0.2771931410744791
2453,-0.4718376983813955,0.2776162189484147
2454,-0.4718829526184822,0.2780378950946908
2455,-0.4719275020152547,0.27846129873586634
2456,-0.47197127939583017,0.27888587772285806
2457,-0.4720140746611682,0.27930960339909006
2458,-0.47205627969758396,0.2797364254606747
2459,-0.4720970954845349,0.2801582000100057
2460,-0.47213765766435295,0.28058671700918947
2461,-0.47217703372405617,0.28101224997058505
2462,-0.4722155891353955,0.2814386755414612
2463,-0.4722527578897876,0.28185957027647246
2464,-0.47228998781850284,0.28229152738419167
2465,-0.4723258474763926,0.282718148865974
2466,-0.47236058691473753,0.28314210503183923
2467,-0.4723944846430749,0.2835667158781872
2468,-0.4724279893333654,0.28399788780486673
2469,-0.47246057150399523,0.2844290763332863
2470,-0.4724921552082912,0.2848592319022434
2471,-0.472522640488453,0.2852868354686051
2472,-0.4725522666778421,0.28571516067448444
2473,-0.47258109789099106,0.2861452477246854
2474,-0.4726091520230121,0.2865775523509402
2475,-0.4726360074005718,0.2870054679773348
2476,-0.47266211819917064,0.28743614685197677
2477,-0.4726873247161452,0.28786711428661615
2478,-0.4727117261740172,0.2883001970842418
2479,-0.47273499105861405,0.28872940968622574
2480,-0.47275742551220995,0.2891602664222031
2481,-0.47277921833330694,0.28959684645381156
2482,-0.4727996515022117,0.2900245612308017
2483,-0.47281936860901735,0.2904565729320877
2484,-0.47283813704096167,0.29088804641897553
2485,-0.4728560930553445,0.29132227584721904
2486,-0.47287355251656993,0.2917680194838088
2487,-0.47288962792019573,0.2922026497376291
2488,-0.47290471143961704,0.29263564439093415
2489,-0.47291893273775354,0.29307076830344614
2490,-0.47293221888269266,0.29350600870963517
2491,-0.4729445148762173,0.29393937426107114
2492,-0.4729560124318722,0.2943780050583128
2493,-0.47296656801926196,0.2948171357852827
2494,-0.4729760934034704,0.2952526722115343
2495,-0.4729846420289755,0.2956862266325746
2496,-0.47299239686801015,0.2961281200270738
2497,-0.4729990895810297,0.29656336868768474
2498,-0.4730048000453404,0.29699499616246294
2499,-0.4730095564742988,0.2974234888021391
2500,-0.4730134830129735,0.2978620204408117
2501,-0.4730164727125462,0.2983032361248493
2502,-0.4730184869447746,0.2987410938249233
2503,-0.4730195547212034,0.2991808133226854
2504,-0.4730196624845383,0.299624180873974
2505,-0.4730188048255112,0.3000651378638163
2506,-0.4730169798945412,0.30050708785275204
2507,-0.47301420216313833,0.3009472136484999
2508,-0.47301044264305925,0.3013897979355149
2509,-0.4730057781511831,0.3018269530208986
2510,-0.47300008962590556,0.30226977550321066
2511,-0.4729934065116352,0.30271414389042806
2512,-0.4729858625678041,0.30315220879585103
2513,-0.47297724083868176,0.3035965758185572
2514,-0.4729676265351345,0.30404167058043596
2515,-0.4729570728505674,0.3044851687223083
2516,-0.47294556688663353,0.304927938843128
2517,-0.47293295133258767,0.3053755213640613
2518,-0.47291956311726013,0.30581620976172863
2519,-0.47290514259293204,0.30625906623544263
2520,-0.4728897070625928,0.3067032147717553
2521,-0.472873234766891,0.30714900706166287
2522,-0.47285571365440154,0.3075964759633338
2523,-0.47283713147747247,0.30804565122631256
2524,-0.47281786103630125,0.30848793846394673
2525,-0.4727974265537757,0.308934461498387
2526,-0.47277589499381734,0.30938328817344174
2527,-0.4727535125025837,0.3098293238909408
2528,-0.4727298519840009,0.31028090037375705
2529,-0.4727052530717121,0.3107312633927451
2530,-0.4726797645492522,0.3111797129419771
2531,-0.47265318408600543,0.3116298258565132
2532,-0.47262551037050693,0.3120814477681826
2533,-0.472597160905297,0.31252796261437865
2534,-0.4725679652040643,0.3129724306517999
2535,-0.4725373837465021,0.3134228698917545
2536,-0.4725058048382353,0.3138732730521223
2537,-0.47247344293912336,0.3143207248431493
2538,-0.47243947918774354,0.3147763102226019
2539,-0.4724047399838902,0.3152287235909713
2540,-0.4723689825601944,0.3156812613824527
2541,-0.47233203539915436,0.3161359976211467
2542,-0.47229383365055455,0.3165935258009016
2543,-0.47225437005159676,0.3170537140003612
2544,-0.4722144952708137,0.31750681828928895
2545,-0.4721734888352291,0.31796124749038646
2546,-0.4721312316889304,0.3184181800996448
2547,-0.47208807046036827,0.3188738253120431
2548,-0.4720441022133081,0.3193272832638983
2549,-0.47199922645069303,0.31977970330975575
2550,-0.4719525997563334,0.320239379356622
2551,-0.47190532367142807,0.3206953358450384
2552,-0.4718565877679484,0.3211553784757962
2553,-0.4718073554546921,0.32161044293764074
2554,-0.47175663130774215,0.32206975436727925
2555,-0.4717049786432638,0.3225281126138123
2556,-0.4716519694934681,0.3229892615048706
2557,-0.4715981036065254,0.3234488194834142
2558,-0.4715433234168015,0.32390735454605013
2559,-0.47148760471634404,0.32436512127816236
2560,-0.471431029790481,0.3248215045023971
2561,-0.47137222187389605,0.32528738972302373
2562,-0.471312938314181,0.32574872297850066
2563,-0.47125240342520597,0.326211621078628
2564,-0.4711907860625484,0.3266747473391364
2565,-0.47112864936412824,0.3271339643735999
2566,-0.47106563069410795,0.3275920788488291
2567,-0.47100091534544103,0.32805492508543405
2568,-0.4709353091357215,0.32851665331513785
2569,-0.4708682167555994,0.3289814085996051
2570,-0.47079955396511103,0.32944962195578026
2571,-0.4707299400572525,0.32991700989537476
2572,-0.4706601898054403,0.33037826316663466
2573,-0.4705886169365059,0.3308445587606708
2574,-0.47051679635490223,0.33130564106113736
2575,-0.4704433799373838,0.3317702039109144
2576,-0.4703685609089048,0.33223690439036546
2577,-0.4702926205520847,0.3327039362253894
2578,-0.47021607724234626,0.33316816450740155
2579,-0.4701373922240488,0.333638846671223
2580,-0.4700585100268843,0.334104326173693
2581,-0.46997805550271093,0.3345727642379737
2582,-0.4698965837087967,0.3350408774682449
2583,-0.46981334027312766,0.3355129296764546
2584,-0.46972961225156457,0.33598161215566075
2585,-0.4696440007296171,0.33645473582022695
2586,-0.469558206441328,0.33692291234237154
2587,-0.4694704559895738,0.3373958240600295
2588,-0.4693821117506585,0.33786609081831476
2589,-0.46929329939369896,0.33833315199003455
2590,-0.4692030264001176,0.3388022492670063
2591,-0.4691111142339519,0.3392742234478198
2592,-0.46901899958438475,0.3397417261477419
2593,-0.4689244159780891,0.3402162170170953
2594,-0.4688286742137579,0.3406909948509821
2595,-0.46873177606784333,0.34116604215531243
2596,-0.4686333508760487,0.34164313744722297
2597,-0.46853441479354496,0.3421173697897424
2598,-0.46843405117782866,0.3425931557078794
2599,-0.46833259095669033,0.3430689023006106
2600,-0.46823117304855855,0.3435393568105648
2601,-0.46812861425995184,0.34401008908031044
2602,-0.4680252899812371,0.34447939508901726
2603,-0.46792006319283114,0.3449524044429466
2604,-0.4678124879825551,0.3454309780552207
2605,-0.46770437020327466,0.3459070357979228
2606,-0.46759489275247856,0.34638419802829146
2607,-0.46748706996770184,0.3468494896946954
2608,-0.46737588346167547,0.34732459825982964
2609,-0.46726256786025616,0.34780403968282003
2610,-0.4671502374386512,0.3482747034870845
2611,-0.46703418213777803,0.3487562942019032
2612,-0.466917758089676,0.349234772803748
2613,-0.46679930382421964,0.349716959802701
2614,-0.4666805370220729,0.3501958579279201
2615,-0.4665600675017541,0.3506770871144931
2616,-0.4664386351315206,0.35115766908806645
2617,-0.4663143190271673,0.3516451199333903
2618,-0.46619045119479396,0.3521263662707632
2619,-0.4660655356894153,0.3526073100302115
2620,-0.46593997651742297,0.3530864252641628
2621,-0.46581267869764015,0.3535678841425169
2622,-0.4656842736605371,0.35404926917596047
2623,-0.4655540643233789,0.35453316237586663
2624,-0.46542276933744536,0.35501686349844946
2625,-0.46529063823867367,0.3554994706938535
2626,-0.4651576973923769,0.35598091738173127
2627,-0.4650242990466582,0.3564599737125641
2628,-0.4648888039297503,0.3569425135755155
2629,-0.4647520268696655,0.35742558568909777
2630,-0.4646142679033934,0.3579081310467389
2631,-0.46447387043729965,0.35839589516986414
2632,-0.4643329729380746,0.3588814129275959
2633,-0.46419211531282184,0.3593629009280037
2634,-0.46404844029567255,0.35985010642883036
2635,-0.46390393077782205,0.36033625041364675
2636,-0.4637585200467916,0.36082158035553813
2637,-0.46360960466079393,0.361314703648139
2638,-0.4634619893224939,0.361799714316589
2639,-0.46331090435772043,0.36229229092455906
2640,-0.46315966271175085,0.36278158350478
2641,-0.4630057777597978,0.36327562055399065
2642,-0.46285126056058973,0.3637679120230374
2643,-0.46269628982917105,0.3642579349742451
2644,-0.4625401152378576,0.36474808680595583
2645,-0.46238326399365126,0.3652367290002678
2646,-0.46222517337087393,0.36572562918110463
2647,-0.4620659345892237,0.36621450339782535
2648,-0.4619043358871779,0.3667070329065787
2649,-0.4617416068464851,0.3671994325134892
2650,-0.4615778063656017,0.36769152937430155
2651,-0.4614127335012949,0.3681839278788903
2652,-0.46124682778874054,0.3686753250672601
2653,-0.46107902690091346,0.3691688561640015
2654,-0.4609092624093558,0.3696646765698752
2655,-0.4607398596284239,0.3701560184449721
2656,-0.4605694878083402,0.3706467944543786
2657,-0.46039541219359664,0.37114481430062995
2658,-0.4602209745282783,0.37164046811799045
2659,-0.46004678303376767,0.3721320935092039
2660,-0.45987021531260464,0.3726270989575611
2661,-0.4596914533000561,0.3731249129349296
2662,-0.45951215463896483,0.3736209100156709
2663,-0.45933041214788367,0.3741203505414107
2664,-0.459149877601192,0.37461323060213847
2665,-0.45896699209018377,0.3751093001197673
2666,-0.4587822690933233,0.37560711895271837
2667,-0.45859508146574784,0.37610832798308935
2668,-0.4584070046591055,0.3766086849363448
2669,-0.45821773491453754,0.37710900713520895
2670,-0.4580269408966757,0.3776101634667617
2671,-0.4578354931182902,0.37810987383824757
2672,-0.4576427778496975,0.37860975289157073
2673,-0.45744764577480573,0.379112751617359
2674,-0.4572509312063401,0.37961668216970096
2675,-0.4570551676966449,0.3801150974427969
2676,-0.45685685396986664,0.3806169316755295
2677,-0.45665795968199224,0.3811171845043824
2678,-0.4564558677929057,0.3816224079849564
2679,-0.45625240655840543,0.3821279838475339
2680,-0.45604810602059753,0.3826326011457508
2681,-0.45584275787275486,0.38313678753346225
2682,-0.4556356949931563,0.383642174751331
2683,-0.45542969757508583,0.38414201615105614
2684,-0.4552203892952481,0.3846469353981624
2685,-0.4550084013196568,0.3851553355492694
2686,-0.4547966316324416,0.38566026705035134
2687,-0.45458297450102203,0.38616676785100584
2688,-0.45436767881999846,0.38667422672086604
2689,-0.4541529022388686,0.38717758559921744
2690,-0.4539362377029411,0.38768250799499093
2691,-0.45371570069836703,0.3881935540589807
2692,-0.45349365882750425,0.3887051811386566
2693,-0.4532731468094572,0.3892104460767232
2694,-0.453050136869249,0.38971860747065545
2695,-0.45282369875846573,0.390231720266918
2696,-0.452598017019506,0.3907402993819715
2697,-0.45237249434238924,0.3912457545992961
2698,-0.45214532690611325,0.3917521472078779
2699,-0.4519164088077029,0.3922596969172295
2700,-0.4516854750014879,0.39276896872639494
2701,-0.45145274573662375,0.3932794538917286
2702,-0.4512198896281833,0.3937875027717519
2703,-0.45098532089843185,0.39429658702017334
2704,-0.45074656458250634,0.3948120199525651
2705,-0.45050725851822954,0.3953259105850978
2706,-0.45026828532197527,0.39583640322876684
2707,-0.4500269706175642,0.39634921990816935
2708,-0.4497838218196176,0.39686325528930366
2709,-0.44953862218564883,0.39737894582267297
2710,-0.4492931470106851,0.3978925616732846
2711,-0.4490447417105024,0.3984096469648315
2712,-0.4487978265838555,0.3989210181238876
2713,-0.4485466064073851,0.3994386735522786
2714,-0.44829519541336954,0.39995410539484055
2715,-0.44804197151077413,0.4004706482365632
2716,-0.44778831923894785,0.40098548290428343
2717,-0.4475344580716589,0.4014981931689191
2718,-0.44727755212992026,0.40201449620142005
2719,-0.4470201905437251,0.4025291746883372
2720,-0.4467589077232448,0.4030491328132407
2721,-0.4464953219584683,0.4035710970155917
2722,-0.44623047079089373,0.40409299899662865
2723,-0.44596484012614307,0.40461388975086027
2724,-0.4456999608911677,0.40513080410157853
2725,-0.4454317401668176,0.40565172977364694
2726,-0.44516187085061404,0.4061733456389099
2727,-0.4448913091125994,0.4066938075064291
2728,-0.4446187769999271,0.4072155732250117
2729,-0.4443458167809356,0.40773569313811997
2730,-0.4440701486239767,0.40825850461215385
2731,-0.44379424108212123,0.40877932166370157
2732,-0.44351648903709984,0.40930118147502464
2733,-0.4432384229284223,0.4098212146102054
2734,-0.4429577403474179,0.41034372307476363
2735,-0.4426758195737736,0.4108661253285607
2736,-0.44239242703051956,0.41138885327542285
2737,-0.4421096547209238,0.41190807052722683
2738,-0.4418234002608734,0.41243130687262913
2739,-0.4415356081105825,0.4129549784461701
2740,-0.44124818129001636,0.41347564047207536
2741,-0.4409546394178058,0.414004994111264
2742,-0.44066285273079414,0.4145288259864802
2743,-0.44036909579677885,0.41505385382704196
2744,-0.44007511437669455,0.41557696285266266
2745,-0.439777933168161,0.41610343828808444
2746,-0.43947827277406903,0.4166319682623001
2747,-0.43917860306287465,0.4171581987201498
2748,-0.438877474897742,0.41768468838764083
2749,-0.4385742731093256,0.41821250305624486
2750,-0.43827013236515344,0.41873966371270027
2751,-0.4379643240092471,0.41926743419420986
2752,-0.43765850796721756,0.41979296087994333
2753,-0.4373478404650111,0.4203245435667793
2754,-0.4370360459875925,0.4208557732754014
2755,-0.4367235211771243,0.4213859836004753
2756,-0.4364106448024095,0.42191454949455615
2757,-0.4360951164286529,0.42244535407658
2758,-0.4357787786968239,0.4229752894666289
2759,-0.4354574916528768,0.42351125900380004
2760,-0.43513930550801955,0.42403984242726034
2761,-0.4348145485511257,0.4245770992843195
2762,-0.43448994245074,0.42511187164680586
2763,-0.43416681348257863,0.42564201934312645
2764,-0.43383924324358475,0.4261772502641592
2765,-0.43351043773141884,0.42671229641245406
2766,-0.43318289507079344,0.42724312034882106
2767,-0.4328511285436804,0.42777861184968335
2768,-0.43251894698067356,0.428312604548496
2769,-0.4321874524492491,0.4288433560964224
2770,-0.43185467969104946,0.4293740335300828
2771,-0.43151521204587967,0.42991322480023764
2772,-0.4311764240025239,0.43044918558793616
2773,-0.43083662849601434,0.4309846079688383
2774,-0.4304937863859101,0.4315226929807738
2775,-0.4301503736796477,0.43205954665430524
2776,-0.4298064523207759,0.43259508776952277
2777,-0.42945899565386414,0.4331340176679324
2778,-0.42911379347965944,0.43366736934315653
2779,-0.4287623284553441,0.4342082913723036
2780,-0.4284095543988668,0.43474911659138976
2781,-0.4280556096208299,0.4352896358935456
2782,-0.4276979979896001,0.4358336432647304
2783,-0.4273409409256933,0.4363747143651171
2784,-0.42698194137271384,0.43691664571776867
2785,-0.4266224586410329,0.4374572377353013
2786,-0.4262612400490492,0.43799837930028573
2787,-0.42589918576726243,0.43853872384955317
2788,-0.4255341986370694,0.4390813931778997
2789,-0.4251700535828957,0.43962078063389376
2790,-0.42480176065686476,0.4401642734822579
2791,-0.4244354317772144,0.4407028573793231
2792,-0.4240639198565086,0.44124703684895633
2793,-0.42369254747852536,0.441788997321357
2794,-0.42331990274317927,0.44233081293731985
2795,-0.42294651069076505,0.4428717266438278
2796,-0.42256801102926267,0.44341803080837017
2797,-0.42218715459647843,0.44396571829769793
2798,-0.42180772072022665,0.4445093694354336
2799,-0.4214257103440049,0.44505472737005547
2800,-0.4210427760625489,0.44559942771992966
2801,-0.4206582648904022,0.4461444019665611
2802,-0.42027244671072295,0.4466892672768626
2803,-0.4198831535961831,0.4472370705941899
2804,-0.4194910589888646,0.44778683844691136
2805,-0.4190977020320321,0.4483364038548587
2806,-0.4187003829594127,0.44888952128364423
2807,-0.41830236799414006,0.44944163068767845
2808,-0.4179055323459809,0.4499901559461928
2809,-0.41750516452507436,0.4505416135460657
2810,-0.4171037199289306,0.4510926089902074
2811,-0.41670432848187966,0.45163887424280713
2812,-0.41630010418503377,0.4521898283736442
2813,-0.41589605887524034,0.4527386276503739
2814,-0.41548794125383526,0.45329103942288546
2815,-0.4150762121222297,0.4538464063492819
2816,-0.4146637004122177,0.4544009023139364
2817,-0.4142500835344094,0.4549549682708479
2818,-0.41383275330431785,0.4555120850621405
2819,-0.413414445865331,0.45606858805903044
2820,-0.4129995235998468,0.45661871015342015
2821,-0.4125791444925142,0.45717418032417145
2822,-0.41215823042037264,0.45772847438953446
2823,-0.41173463623739454,0.4582844154341671
2824,-0.41130729668362304,0.45884337843692813
2825,-0.4108798403034956,0.4594006112739463
2826,-0.41044891557790764,0.45996047899710435
2827,-0.410020654890377,0.46051502832371116
2828,-0.40958634199892757,0.4610755431365685
2829,-0.4091566292718014,0.46162828528002575
2830,-0.40872409287115696,0.46218283423175477
2831,-0.40828813410356274,0.46273993663203283
2832,-0.4078546138435246,0.4632921151956916
2833,-0.40741465463382964,0.46385067065435936
2834,-0.4069734956792068,0.4644089223702511
2835,-0.4065314792929125,0.46496644280123184
2836,-0.40608389716444904,0.4655291494071725
2837,-0.40563768122287797,0.46608831980368914
2838,-0.4051855637828061,0.4666530521137359
2839,-0.4047318707929026,0.46721791576483396
2840,-0.4042787470897686,0.4677802525665168
2841,-0.4038276366963911,0.468338303842355
2842,-0.40337503236526345,0.46889642897393025
2843,-0.40291819598164563,0.46945798829914476
2844,-0.40246151907904915,0.4700175771991544
2845,-0.4020029724349107,0.4705776896016837
2846,-0.4015395313839756,0.4711419983573609
2847,-0.4010721228005514,0.4717093411871407
2848,-0.40060738155857134,0.47227167455491315
2849,-0.40013701335385393,0.47283903499767854
2850,-0.39967145681596167,0.4733988437698904
2851,-0.3992005835252179,0.4739632939559225
2852,-0.3987231346870974,0.4745338449872972
2853,-0.398249111654541,0.4750985446627561
2854,-0.3977693625145306,0.47566829986502157
2855,-0.3972931557393482,0.47623210794852716
2856,-0.3968097024734874,0.4768027389721031
2857,-0.3963297392645537,0.4773675164522959
2858,-0.3958454515988624,0.47793564785472414
2859,-0.3953586101412246,0.47850503544792666
2860,-0.394871662786438,0.47907281844624916
2861,-0.39438299073794036,0.4796408909276262
2862,-0.3938903993147896,0.4802117905919279
2863,-0.3933985146956659,0.4807801550744963
2864,-0.3928990931168491,0.4813554903914272
2865,-0.3924050965273887,0.48192286934329365
2866,-0.39190594507930426,0.48249446081210706
2867,-0.39140348847898193,0.4830681190930782
2868,-0.39089904469256986,0.483642328296903
2869,-0.3903916303743561,0.48421819844064384
2870,-0.38988244365546015,0.4847943615975276
2871,-0.3893782513187821,0.4853631927442589
2872,-0.38886821491596085,0.4859369311393247
2873,-0.3883580810606814,0.4865090983317481
2874,-0.3878435759120368,0.4870844812073637
2875,-0.38732250779814625,0.48766549239799245
2876,-0.38680368973110013,0.488242299365537
2877,-0.3862873771031311,0.48881465663971835
2878,-0.3857678355353735,0.4893889326260953
2879,-0.3852459712912314,0.489964113925072
2880,-0.38472145369924726,0.49054055619019765
2881,-0.3841950205184763,0.4911174418385369
2882,-0.3836708628251435,0.49169019455298574
2883,-0.3831419911869794,0.4922664550054646
2884,-0.38261305095436576,0.4928411538672223
2885,-0.3820810566040262,0.4934175349902431
2886,-0.38154647223878646,0.49399508400172665
2887,-0.3810074611485501,0.4945757675086731
2888,-0.38047046825884007,0.4951526457230816
2889,-0.3799288733602903,0.495732833243025
2890,-0.37938487887795636,0.4963139533758653
2891,-0.378847147676965,0.49688678348641024
2892,-0.3783049470357045,0.49746277879257206
2893,-0.3777598627301722,0.49804023602580255
2894,-0.3772026752012882,0.4986288700889011
2895,-0.3766521608851845,0.4992088349495258
2896,-0.37610021557729834,0.49978870543621984
2897,-0.3755412753013415,0.5003743042467348
2898,-0.374984944489123,0.5009555636938733
2899,-0.37442881666158817,0.5015350239578114
2900,-0.3738712932387825,0.5021143591273741
2901,-0.3733078307799463,0.5026982727542704
2902,-0.37274006450979386,0.5032850404167455
2903,-0.3721737823418554,0.5038686821815945
2904,-0.3716059989858915,0.5044522883133871
2905,-0.3710323664803118,0.5050403106983548
2906,-0.3704550552173624,0.5056304982933058
2907,-0.3698766866418099,0.5062201650726124
2908,-0.3692977242645319,0.5068088451726117
2909,-0.3687227394043427,0.5073919177013967
2910,-0.3681437110410433,0.507977529374388
2911,-0.367562908794891,0.5085633742667596
2912,-0.3669807072673012,0.5091490747372105
2913,-0.3663944564316151,0.5097372878839806
2914,-0.3658029784323755,0.5103291714663134
2915,-0.3652155177626701,0.510915482773683
2916,-0.36462362474744786,0.5115046662151541
2917,-0.36402796493789513,0.5120960398756027
2918,-0.36342881103554425,0.5126893174176564
2919,-0.3628255038324519,0.5132851345980424
2920,-0.36222546832325336,0.5138761680271531
2921,-0.36162226016482835,0.5144687785407627
2922,-0.3610191484535152,0.5150597552711955
2923,-0.3604119560825224,0.5156531886458882
2924,-0.3598101085059068,0.5162398839476827
2925,-0.35920043237917765,0.5168326858771102
2926,-0.3585862647184081,0.5174283158547425
2927,-0.3579710621026173,0.5180234133320374
2928,-0.3573584755002986,0.5186144648669841
2929,-0.35673744293773796,0.5192121342436695
2930,-0.35611700117445194,0.5198077078962798
2931,-0.35550039914967296,0.5203980955135277
2932,-0.3548780113459127,0.5209925183385515
2933,-0.3542446689873696,0.521595864113268
2934,-0.3536190504175114,0.5221903395213563
2935,-0.35298652375330253,0.522789863208131
2936,-0.3523558622835756,0.5233861135066937
2937,-0.35172451595597864,0.5239815174436134
2938,-0.35108733910881734,0.5245809164714188
2939,-0.3504432018174944,0.5251853401246049
2940,-0.34980509503189705,0.5257826069944607
2941,-0.3491623623474872,0.5263827082511106
2942,-0.3485166413009824,0.5269841001486835
2943,-0.34787173891722123,0.5275832411729686
2944,-0.3472318165055166,0.5281762967222985
2945,-0.34658582024368156,0.528773518687973
2946,-0.34592956142952747,0.529378735277956
2947,-0.34527893059732023,0.5299772875559341
2948,-0.3446267960807583,0.5305757617160769
2949,-0.3439679637976203,0.5311789081944968
2950,-0.3433061820562874,0.5317832744835174
2951,-0.34264603514270664,0.5323846809702448
2952,-0.3419864334694686,0.5329841387397329
2953,-0.3413208133107422,0.5335876061145628
2954,-0.3406539292542517,0.5341907596517579
2955,-0.3399864399262801,0.5347930086493323
2956,-0.3393142376508166,0.5353980530454032
2957,-0.3386432962598934,0.5360005156407588
2958,-0.33797345770370796,0.5366005568640428
2959,-0.33729671954133666,0.537205337581557
2960,-0.33661320832552155,0.5378147118684892
2961,-0.33593301287333477,0.5384196850782179
2962,-0.3352420823382619,0.5390327415715132
2963,-0.3345516451320155,0.5396438969412085
2964,-0.3338633981248384,0.5402516686412188
2965,-0.3331730635311323,0.5408598454341895
2966,-0.33248018749832353,0.5414688234669439
2967,-0.3317833377888349,0.5420798520465905
2968,-0.33109045444839796,0.5426859796113903
2969,-0.3303934078318309,0.5432943278869868
2970,-0.32969357162182905,0.5439036872540952
2971,-0.3289900376871137,0.5445148392041107
2972,-0.3282900067679514,0.5451215383865804
2973,-0.32758511574332416,0.5457310392253659
2974,-0.32688065204363254,0.5463387668275906
2975,-0.32617231586493944,0.5469484305626511
2976,-0.32546403835209964,0.547556645790382
2977,-0.324756499660213,0.5481628409241408
2978,-0.3240417682565868,0.5487738025877857
2979,-0.32332200384789184,0.5493876589411711
2980,-0.32259751828752936,0.5500041256696571
2981,-0.3218773109464877,0.5506155540922812
2982,-0.32115749094928847,0.5512252710276001
2983,-0.3204308881991311,0.5518393414319376
2984,-0.3196979939059958,0.5524573226290115
2985,-0.3189597383812599,0.5530784068139307
2986,-0.3182318621387671,0.5536893761295532
2987,-0.3174977308877951,0.554304214890823
2988,-0.316763631375385,0.5549176501957425
2989,-0.3160212593675286,0.5555366080169712
2990,-0.31528104002281293,0.5561523890020799
2991,-0.3145319903848803,0.5567741210088694
2992,-0.3137893545717012,0.5573891540812252
2993,-0.3130375292406512,0.5580104127035099
2994,-0.31228639566210387,0.5586297179695543
2995,-0.311535019594102,0.5592478511622849
2996,-0.31078163480667564,0.5598662688305902
2997,-0.3100262731235584,0.5604849436371334
2998,-0.30926768925981846,0.5611048910484964
2999,-0.30850708885929395,0.5617251212079344
3000,-0.30774370971725923,0.5623462523341403
3001,-0.3069797720705045,0.5629664785028332
3002,-0.3062134517341149,0.563587282388184
3003,-0.305442670620709,0.5642103387828349
3004,-0.3046742793862612,0.5648301139379182
3005,-0.3038999574308657,0.565453319245695
3006,-0.3031226570301357,0.5660775646281035
3007,-0.3023346547971797,0.5667090263130776
3008,-0.30155616472568675,0.567331512235808
3009,-0.30077500475464597,0.5679547904128909
3010,-0.29998280913202197,0.5685855097126078
3011,-0.2992001671149088,0.5692072831064967
3012,-0.29841438690037997,0.5698302192875542
3013,-0.2976224144651217,0.5704567247891222
3014,-0.29682232487201726,0.5710882952286309
3015,-0.29602451439241584,0.5717167184824696
3016,-0.29522566050074506,0.5723446239977719
3017,-0.2944293501547744,0.5729692052240717
3018,-0.293628175859932,0.5735962754205132
3019,-0.2928267981114224,0.5742221832498454
3020,-0.2920201720039178,0.574850864468986
3021,-0.29121746174603597,0.5754751821181923
3022,-0.2904066053737345,0.5761045160626488
3023,-0.28959769547137165,0.5767310267926429
3024,-0.28878025792371986,0.5773628195000715
3025,-0.2879550839198528,0.5779992520609917
3026,-0.28713232517781906,0.5786324907937068
3027,-0.2863154063028929,0.5792599287133094
3028,-0.2854911672415219,0.5798916786801636
3029,-0.2846729260915706,0.580517538310498
3030,-0.28385034711156676,0.5811454257633211
3031,-0.2830276572892846,0.5817721125398096
3032,-0.2821959086911547,0.5824044017883958
3033,-0.281370380436133,0.5830306802587111
3034,-0.28053107357843515,0.5836661108697853
3035,-0.2796901744795965,0.584301440238057
3036,-0.27885437041545397,0.5849316325520537
3037,-0.2780162752305152,0.5855622718435924
3038,-0.2771691763186487,0.5861983916424663
3039,-0.27632679370589075,0.5868296876241459
3040,-0.2754826830736891,0.5874610044322897
3041,-0.2746389160599088,0.5880907977811336
3042,-0.27378909786525574,0.5887238361773087
3043,-0.2729284300168812,0.5893636643315746
3044,-0.2720673928056716,0.5900024742218472
3045,-0.2712116323929509,0.590636096248355
3046,-0.27035525243864583,0.5912689147418748
3047,-0.26949148183747595,0.5919059236299342
3048,-0.2686342801275465,0.5925368343654984
3049,-0.2677586662567275,0.5931800154399207
3050,-0.26689590777136357,0.5938124952251079
3051,-0.26602211794413516,0.5944517969930037
3052,-0.26514688282532956,0.5950908881485973
3053,-0.26426615627894773,0.5957327162298702
3054,-0.2633902169890238,0.59636979720212
3055,-0.2625060775476707,0.5970115776877877
3056,-0.26162562852876503,0.5976494248619925
3057,-0.2607348099517358,0.5982935183354205
3058,-0.25984359557360626,0.5989366318041943
3059,-0.25895162657873966,0.5995790297785965
3060,-0.2580625694853111,0.6002180841028348
3061,-0.25716994352285794,0.6008584596405693
3062,-0.25626831231213953,0.6015040380399612
3063,-0.2553718254451701,0.60214468781384
3064,-0.254474476185983,0.6027847182089637
3065,-0.25356731399209836,0.6034304988741827
3066,-0.2526639774071983,0.6040723163647865
3067,-0.25175761396739715,0.6047150487256223
3068,-0.25084119601059923,0.6053636604749464
3069,-0.24993092408869555,0.6060066851151721
3070,-0.24902089014787168,0.6066483167921486
3071,-0.2481052879143156,0.6072926461447969
3072,-0.24719015577009967,0.607935421146955
3073,-0.24626635936343608,0.6085830487949468
3074,-0.24534329096275687,0.6092289363466554
3075,-0.24440438515485652,0.6098846523575168
3076,-0.24348185463722463,0.6105277086761983
3077,-0.2425478033330781,0.6111775677333319
3078,-0.24162367483606342,0.6118193145837125
3079,-0.24069582861081948,0.612462441215974
3080,-0.23976132506199088,0.6131089723401664
3081,-0.23882313504178204,0.6137568398647004
3082,-0.23788096090459937,0.6144062418495772
3083,-0.2369345035038791,0.61505737589685
3084,-0.23599102077215942,0.6157052536235027
3085,-0.2350531874860427,0.6163480620635335
3086,-0.23410200281641905,0.6169988173222846
3087,-0.23314591596127732,0.6176517114102188
3088,-0.23218068442264106,0.618309622050359
3089,-0.23123240705791415,0.6189547821072544
3090,-0.23027356075682104,0.6196059362228623
3091,-0.2293074318562351,0.6202608263653137
3092,-0.2283449587691268,0.6209120383602238
3093,-0.22736982539113246,0.6215706021596805
3094,-0.22639451674066935,0.6222280692177001
3095,-0.2254214063448115,0.6228828505535359
3096,-0.22445295109220964,0.623533312798161
3097,-0.22347454510985781,0.624189263361797
3098,-0.22249334700609513,0.6248458866674742
3099,-0.22150921547157842,0.6255032739409722
3100,-0.220532021525481,0.6261548458074345
3101,-0.219541669774591,0.6268139972314415
3102,-0.21855419576735788,0.6274700438329522
3103,-0.21756328400686747,0.6281271874663548
3104,-0.21657094235934177,0.6287840948320303
3105,-0.21557891904906473,0.6294396136128411
3106,-0.2145896255141478,0.6300921626359635
3107,-0.21358839149851497,0.6307514091501174
3108,-0.21258140725243882,0.6314132529195936
3109,-0.21157979774117414,0.6320703882790961
3110,-0.21057244963102079,0.6327301127241379
3111,-0.2095569825067877,0.6333939678280496
3112,-0.20854357726229855,0.6340552942032744
3113,-0.20753171387950864,0.6347144443465478
3114,-0.20651194503869064,0.6353775682565508
3115,-0.20549691156961478,0.6360364472996664
3116,-0.2044640808201196,0.6367056922004268
3117,-0.20344669067621715,0.6373637684671536
3118,-0.20243351412958713,0.6380179782321882
3119,-0.2014097844036508,0.6386778522996924
3120,-0.20037560180145994,0.6393432971624134
3121,-0.1993424967961591,0.6400068843716216
3122,-0.19830435845541314,0.6406725391604964
3123,-0.1972693633970144,0.6413350221565612
3124,-0.19623087969252126,0.6419985843997724
3125,-0.19518799784333773,0.6426638004983181
3126,-0.1941447112321053,0.6433281218307149
3127,-0.1930975778824427,0.6439937396471067
3128,-0.1920519245676744,0.6446572705787568
3129,-0.19099312460224652,0.645327983526623
3130,-0.1899496504256601,0.6459878522234153
3131,-0.18888822823034593,0.6466579205033007
3132,-0.18783738436195918,0.6473201743446579
3133,-0.18676646926460128,0.647993920557481
3134,-0.18570240837944915,0.6486622045903114
3135,-0.18462756802426397,0.6493361014976042
3136,-0.183558497309706,0.6500052338321237
3137,-0.18249217104742108,0.6506715151477592
3138,-0.18142312630970747,0.6513383652826827
3139,-0.18034257294334868,0.6520112511521051
3140,-0.17926977852444403,0.6526781747835976
3141,-0.17819010367018132,0.6533482447707655
3142,-0.1771027991886972,0.6540219095876811
3143,-0.1760126339502927,0.6546962044434546
3144,-0.17492326910055198,0.6553688679587435
3145,-0.17383262008127662,0.6560411928824577
3146,-0.1727350460884618,0.6567166500021717
3147,-0.1716403630589847,0.657389198527928
3148,-0.1705420775693866,0.6580628330456355
3149,-0.16944829424824784,0.6587325901400717
3150,-0.16834761402997275,0.6594054523221073
3151,-0.16724152280268903,0.6600804986485508
3152,-0.16613746047473,0.6607531895640886
3153,-0.16501765689772524,0.6614343375590261
3154,-0.16390738260314996,0.6621085679714379
3155,-0.16279505529594146,0.6627829317748215
3156,-0.161680639538148,0.663457450326939
3157,-0.1605612049190807,0.6641338927610279
3158,-0.15944213630430812,0.66480900428052
3159,-0.1583188116265954,0.66548557356015
3160,-0.15719361353225805,0.6661621625077123
3161,-0.15606131247934338,0.6668419084649206
3162,-0.15492957821992487,0.6675202035088397
3163,-0.15379444768445566,0.6681994247483943
3164,-0.1526607043845692,0.668876712950439
3165,-0.15152914446373866,0.6695516036311422
3166,-0.15038277128878996,0.6702342216281463
3167,-0.1492453946800057,0.6709103866656342
3168,-0.1480946959647891,0.6715933668004264
3169,-0.14694898807540782,0.6722722865793473
3170,-0.14578905099043213,0.6729585280156841
3171,-0.1446299973123757,0.6736431369984672
3172,-0.14347663345988484,0.6743232898925192
3173,-0.14231882380658736,0.6750049714477924
3174,-0.14114540419671065,0.6756947321924418
3175,-0.13998759712679754,0.6763742247412354
3176,-0.1388182984222201,0.6770593676593273
3177,-0.13764969635968097,0.6777430099673751
3178,-0.13646978940756913,0.6784321636429392
3179,-0.13529908139042465,0.6791148557849819
3180,-0.13412297552834246,0.6797996095196093
3181,-0.13294500304666215,0.6804843645782408
3182,-0.1317597861123584,0.6811722402638103
3183,-0.13057933498678798,0.6818562683784596
3184,-0.12939746177879102,0.6825400448600734
3185,-0.12820718232612138,0.6832276026757866
3186,-0.1270209143362035,0.6839117684792017
3187,-0.12582688825928098,0.6845993307943083
3188,-0.12463204832925125,0.6852862849241428
3189,-0.12343107806158116,0.6859756837717986
3190,-0.12222839259088424,0.6866649879717805
3191,-0.12103022417177012,0.6873506349524379
3192,-0.11981925557061804,0.688042528965366
3193,-0.11860586465429668,0.6887347258437874
3194,-0.11738977017885487,0.6894273848341053
3195,-0.11617537384874814,0.6901180031049237
3196,-0.11496009251118555,0.6908080563274652
3197,-0.11374363056299276,0.691497715160331
3198,-0.11250678942413367,0.6921978412088513
3199,-0.11128375286795308,0.6928890813388422
3200,-0.11005858101235788,0.6935804653570292
3201,-0.10882467829694693,0.6942757066061351
3202,-0.10759839579327513,0.6949655961162711
3203,-0.10636431718553366,0.6956588121345901
3204,-0.10512571990729412,0.6963535032190873
3205,-0.10387776071644432,0.6970523734021905
3206,-0.10263484933148172,0.6977473530232364
3207,-0.10137587382821464,0.6984502382856168
3208,-0.10012744053765522,0.6991461732989075
3209,-0.0988773139191447,0.6998419954715207
3210,-0.09762372088987574,0.7005386905654991
3211,-0.09636287501716109,0.7012383547786697
3212,-0.09510714958893476,0.7019341246603433
3213,-0.09383534143309884,0.7026377400421627
3214,-0.0925758958791174,0.7033334645189737
3215,-0.0913109691118076,0.7040311690666129
3216,-0.09005347030688149,0.7047237409378109
3217,-0.0887800243411109,0.7054240488072696
3218,-0.08750610794038076,0.7061235665526668
3219,-0.08622611335347789,0.7068253706667159
3220,-0.08494978487726404,0.707524120790962
3221,-0.0836649714938227,0.7082264686051262
3222,-0.08237845514423678,0.7089286995487958
3223,-0.08109145887524241,0.7096301486355285
3224,-0.07980380644959668,0.7103309157703876
3225,-0.07849916866654329,0.711039871502375
3226,-0.07719403907431947,0.7117480371263426
3227,-0.07589288230973504,0.7124529996375936
3228,-0.074595685957164,0.7131547805313638
3229,-0.07329333591945564,0.7138583142672429
3230,-0.07198608138973553,0.7145634593986623
3231,-0.07067430108851477,0.715270005586351
3232,-0.06936273405210902,0.7159754003517165
3233,-0.0680446004625524,0.716683287698346
3234,-0.06672782543303389,0.7173894105357738
3235,-0.065397796152631,0.7181015961516617
3236,-0.06407336860651491,0.7188097439555206
3237,-0.0627588539071229,0.7195115721153325
3238,-0.0614236752744592,0.7202233983442932
3239,-0.060089398000592285,0.720933707603266
3240,-0.05875148191756507,0.7216449188172127
3241,-0.05740539934765215,0.7223594302414528
3242,-0.05605960515484506,0.7230727499677646
3243,-0.054723549599212766,0.723779885643372
3244,-0.053370939669697956,0.7244947506467533
3245,-0.052032968884316896,0.7252008617576495
3246,-0.05069657091944877,0.7259051380565257
3247,-0.04933474817821505,0.726621785125682
3248,-0.04798096703037941,0.7273331768858106
3249,-0.0466199353192562,0.7280473550546223
3250,-0.045259592034849305,0.72876015136156
3251,-0.043888015708554044,0.7294778055806218
3252,-0.04253199529753597,0.7301863106083213
3253,-0.04116734888316015,0.7308983138644621
3254,-0.03980244489789376,0.7316094441377302
3255,-0.038431874752114646,0.7323225176793586
3256,-0.03704551188943315,0.7330427842478773
3257,-0.035666370581036985,0.7337582825197444
3258,-0.034293733722962155,0.7344694045131128
3259,-0.032900907412885726,0.7351899694072942
3260,-0.03153206277868009,0.735897134615602
3261,-0.03014867821155127,0.7366108160257877
3262,-0.028766540303597134,0.7373228597919055
3263,-0.027376204253690813,0.738038128904493
3264,-0.02599093755967256,0.7387497991568313
3265,-0.024600129244729537,0.7394633260715502
3266,-0.023204510951794835,0.74017832794117
3267,-0.02179672294794632,0.7408985618996851
3268,-0.020400992416722646,0.741611637744756
3269,-0.01899070795794281,0.7423311532684693
3270,-0.01758599639642915,0.7430468351121824
3271,-0.016186495380152398,0.7437588839039153
3272,-0.014774686052430463,0.744476210210385
3273,-0.013365986529243153,0.7451909752309553
3274,-0.011954524736858103,0.7459061633893921
3275,-0.010531838063855993,0.7466260527505382
3276,-0.009107481815313078,0.7473457994811366
3277,-0.007672464583095036,0.7480699389021381
3278,-0.006241898100688823,0.7487908435270999
3279,-0.0048159071356303875,0.74950846442651
3280,-0.003385380955662522,0.7502273911347499
3281,-0.001956448629717605,0.7509445449459702
3282,-0.0005098743243631447,0.751669568126101
3283,0.0009083444550841054,0.7523794220636817
3284,0.0023659420615513363,0.7531080028548737
3285,0.003809733098177775,0.7538287043931938
3286,0.005250267144434529,0.7545468145412737
3287,0.006708287737491284,0.7552726641910814
3288,0.008157290470344707,0.7559930545754705
3289,0.00960812647220436,0.7567133921510442
3290,0.011075293364551044,0.7574408613042096
3291,0.012542086057052036,0.7581671676748046
3292,0.01401009308071223,0.7588931015280861
3293,0.015454790626165789,0.7596065619962341
3294,0.016923315877073405,0.7603308315531191
3295,0.018405000509687797,0.7610606166996866
3296,0.01986186471000816,0.7617772267737835
3297,0.021354107937842825,0.762510267094636
3298,0.02284822382002963,0.7632432461478137
3299,0.02431751551003325,0.763963093942394
3300,0.025805911715704424,0.7646913423700719
3301,0.02728010011338176,0.7654116918234479
3302,0.028766409200607253,0.7661370138342913
3303,0.03026272683244574,0.7668662607365183
3304,0.031766292965962985,0.7675980751552618
3305,0.03327060392430188,0.7683292883246077
3306,0.03478073871497997,0.7690623671283827
3307,0.036291648265227086,0.7697948586115478
3308,0.03779890798812263,0.7705246248249484
3309,0.039300147013326465,0.7712505313313743
3310,0.040816253244840194,0.7719826741655431
3311,0.042329294661958276,0.7727123869298962
3312,0.04383436953045672,0.7734373201958508
3313,0.04534253781509698,0.7741628098348647
3314,0.046884010852273984,0.7749033589819948
3315,0.048401202984602446,0.775631298355255
3316,0.049927953387214744,0.7763628817665857
3317,0.05144641742304832,0.7770895614705664
3318,0.05298884453303478,0.7778267605698298
3319,0.05452537484195627,0.778560195161379
3320,0.05607318904568271,0.7792980654185752
3321,0.05761893073752592,0.780033999862288
3322,0.05916344154102619,0.7807684064446081
3323,0.06070847596632591,0.7815021242542216
3324,0.06225776008783951,0.7822369225800789
3325,0.06381445987904945,0.7829742965646673
3326,0.06538274284313483,0.7837162072046409
3327,0.06694335836687851,0.7844535482176956
3328,0.06850370283782085,0.7851898255053367
3329,0.07007313080410145,0.7859294494084637
3330,0.07163800355309283,0.7866659924822447
3331,0.07322724484259507,0.7874130547499693
3332,0.07479451595757246,0.7881488555356558
3333,0.07637891830914263,0.7888917606174186
3334,0.07795231795640699,0.7896285770181236
3335,0.07954483003809965,0.7903734044678274
3336,0.08113101722306966,0.7911143385718189
3337,0.0827244044633055,0.7918577004080122
3338,0.0843282212445037,0.7926049852087729
3339,0.08592219010698661,0.7933467484585796
3340,0.08751834752784748,0.7940886022027668
3341,0.08910348193529719,0.7948244177153196
3342,0.0907018503893699,0.7955654571489685
3343,0.09230822345039381,0.796309281668177
3344,0.09391134512049427,0.7970506791310541
3345,0.09551834291125919,0.7977929492687879
3346,0.09713133467294917,0.7985370658303599
3347,0.09873558059323849,0.7992762352536897
3348,0.10035066845022236,0.80001948493795
3349,0.10196640482457238,0.8007621181295064
3350,0.10359201070819794,0.8015083680530257
3351,0.10522709730944627,0.8022580437746354
3352,0.1068428281527051,0.8029979362646855
3353,0.10847898189536341,0.8037462644383715
3354,0.11011345829511239,0.8044929084666195
3355,0.11175220386028398,0.8052405865368071
3356,0.1133822241928876,0.8059833775741058
3357,0.11503293421812393,0.8067346797230098
3358,0.11666633640144862,0.807477199888377
3359,0.11831082944269807,0.8082238567339173
3360,0.11995672319616157,0.8089702441313309
3361,0.12160475771146224,0.8097166986117383
3362,0.12326257032135347,0.8104666734483403
3363,0.12491794221172202,0.8112146388167751
3364,0.1265723076529188,0.8119612494349842
3365,0.12824033406593763,0.8127131181724043
3366,0.12990654220435044,0.8134632618819688
3367,0.13155961867006033,0.8142066030814752
3368,0.13322832634412565,0.8149560773768963
3369,0.1349059170201525,0.8157086379242043
3370,0.13658346959826667,0.8164602794191612
3371,0.13825697116477348,0.8172092109175078
3372,0.13993128609388947,0.8179576156877776
3373,0.14161023775347353,0.8187072021311714
3374,0.14330757013272807,0.8194640918065608
3375,0.1450047001296921,0.8202199872478382
3376,0.1466901679580708,0.8209697975159335
3377,0.148389793156978,0.821725010668932
3378,0.15007626582691982,0.8224734947040198
3379,0.15179089401897125,0.8232335747205652
3380,0.15349397841885998,0.8239876430094282
3381,0.15519938892107357,0.8247418516732697
3382,0.15691616452264004,0.8255001911620864
3383,0.15861796176741733,0.8262510314608322
3384,0.16032388148014018,0.8270028120283236
3385,0.16205457721766858,0.8277646159426831
3386,0.16378187435325986,0.8285240286329171
3387,0.16550704487809753,0.8292816173322606
3388,0.1672443887185694,0.8300436576268415
3389,0.16897981478410062,0.8308039646140803
3390,0.17071952350738306,0.831565256643952
3391,0.17245640778393437,0.8323244262205625
3392,0.17420287467521411,0.8330868948123851
3393,0.17595277482150512,0.8338499714751963
3394,0.17770969676101306,0.8346152167640074
3395,0.17945401233000363,0.8353740893275183
3396,0.18121454687381158,0.8361391306845603
3397,0.18296373652723785,0.8368983628732304
3398,0.18471799786046023,0.8376589198030466
3399,0.1864750415252478,0.8384198066266441
3400,0.18823713454012836,0.8391820027998769
3401,0.18998088045188657,0.8399354015596897
3402,0.19176503889233495,0.8407053776159572
3403,0.19353347114784164,0.8414676888336103
3404,0.19529869253794602,0.8422277477625587
3405,0.1970863805491507,0.8429965997950442
3406,0.19884005350938616,0.8437499651643001
3407,0.200618801621417,0.844513238667594
3408,0.20240771950893632,0.8452800020472767
3409,0.20420397098900508,0.8460490303758714
3410,0.20601402645850425,0.8468230818828961
3411,0.20780198157557786,0.8475868120663868
3412,0.209596602688975,0.8483525233281739
3413,0.21141204700655494,0.8491262396921474
3414,0.21322240063350859,0.8498969091398306
3415,0.2150375770725493,0.8506687556100423
3416,0.21684514334250435,0.8514364978951103
3417,0.21864712527981778,0.8522010093918735
3418,0.22045562206403707,0.8529674260933705
3419,0.22227781512574346,0.8537387804271842
3420,0.22408962644795952,0.854504880982849
3421,0.22591907331885244,0.8552775728032116
3422,0.22775835318418716,0.8560535443144643
3423,0.22958820455278778,0.8568246724977897
3424,0.23142395351974443,0.8575974219814604
3425,0.23325882756666835,0.8583689418018318
3426,0.23509009356521451,0.8591380893088916
3427,0.2369338156323918,0.8599116087832708
3428,0.23878244098859563,0.8606863227825415
3429,0.24062798866333482,0.8614588888147813
3430,0.24247443179438183,0.8622309749955529
3431,0.24433900983047158,0.8630097801389067
3432,0.2461735016480578,0.8637751746496778
